date,sku,product_name,category,quantity,amount,status,order_id,created_by,current_stock,lead_time_days,service_level,avg_daily_sales_sku,demand_std_sku,safety_stock,reorder_point,reorder_flag,stock_cover_days
2026-03-01,SKU-E001,Wireless Mouse Optical,Electronics,0,0,Forecasted,,Forecast_Model,165,7,0.95,14.68,4.2,11.54,114.32,0,11.24
2026-03-01,SKU-E002,USB Cable Type-C 1m,Electronics,0,0,Forecasted,,Forecast_Model,95,5,0.9,24.82,6.1,11.04,135.14,0,3.83
2026-03-01,SKU-E003,Mechanical Keyboard RGB,Electronics,0,0,Forecasted,,Forecast_Model,138,10,0.95,11.76,3.8,19.76,137.36,0,11.73
2026-03-01,SKU-E004,HDMI Cable 2m 4K,Electronics,0,0,Forecasted,,Forecast_Model,76,5,0.9,18.34,5.1,8.73,100.43,0,4.14
2026-03-01,SKU-E005,Webcam HD 1080p,Electronics,0,0,Forecasted,,Forecast_Model,100,10,0.95,9.32,2.7,14.04,107.24,0,10.73
2026-03-01,SKU-E006,USB Hub 4-Port,Electronics,0,0,Forecasted,,Forecast_Model,79,7,0.9,10.67,3.2,11.58,86.27,0,7.4
2026-03-01,SKU-E007,Power Strip 6-Outlet,Electronics,0,0,Forecasted,,Forecast_Model,86,7,0.9,13.63,3.9,14.1,109.51,0,6.31
2026-03-01,SKU-E008,Bluetooth Speaker,Electronics,0,0,Forecasted,,Forecast_Model,77,12,0.95,7.89,2.5,14.22,108.9,0,9.76
2026-03-01,SKU-E009,Phone Charger Fast,Electronics,0,0,Forecasted,,Forecast_Model,118,5,0.9,22.07,6.8,12.31,122.66,0,5.35
2026-03-01,SKU-E010,Laptop Cooling Pad,Electronics,0,0,Forecasted,,Forecast_Model,68,14,0.95,6.37,2.0,10.39,99.57,0,10.67
2026-03-01,SKU-S001,Notebook A4 Ruled,Stationery,0,0,Forecasted,,Forecast_Model,218,10,0.95,31.59,8.5,44.21,359.98,0,6.9
2026-03-01,SKU-S002,Printer Paper A4,Stationery,0,0,Forecasted,,Forecast_Model,254,7,0.9,45.8,12.3,44.53,363.14,0,5.55
2026-03-01,SKU-S003,Sticky Notes Pack,Stationery,0,0,Forecasted,,Forecast_Model,151,5,0.85,28.68,7.2,10.53,153.93,0,5.26
2026-03-01,SKU-S004,Whiteboard Markers,Stationery,0,0,Forecasted,,Forecast_Model,185,7,0.9,35.11,9.4,33.95,279.72,0,5.27
2026-03-01,SKU-S005,Stapler Heavy Duty,Stationery,0,0,Forecasted,,Forecast_Model,71,5,0.85,14.26,3.6,5.26,76.56,0,4.98
2026-03-01,SKU-S006,Binder Clips,Stationery,0,0,Forecasted,,Forecast_Model,158,5,0.85,42.47,11.2,16.37,228.72,0,3.72
2026-03-01,SKU-S007,Correction Tape,Stationery,0,0,Forecasted,,Forecast_Model,106,5,0.85,24.62,6.5,9.51,132.61,0,4.31
2026-03-01,SKU-S008,Pen Set Ballpoint,Stationery,0,0,Forecasted,,Forecast_Model,172,7,0.9,37.65,10.1,36.51,300.06,0,4.57
2026-03-01,SKU-S009,Highlighter Set,Stationery,0,0,Forecasted,,Forecast_Model,90,5,0.85,19.62,5.3,7.75,105.85,0,4.59
2026-03-01,SKU-S010,File Folders Letter,Stationery,0,0,Forecasted,,Forecast_Model,137,10,0.9,27.34,7.6,27.48,300.88,0,5.01
2026-03-01,SKU-S011,Index Cards 3x5,Stationery,0,0,Forecasted,,Forecast_Model,104,5,0.85,21.33,5.8,8.48,115.13,0,4.88
2026-03-01,SKU-F001,Desk Lamp LED,Furniture,0,0,Forecasted,,Forecast_Model,86,14,0.95,8.3,2.3,14.15,130.34,0,10.36
2026-03-01,SKU-F002,Office Chair,Furniture,122,47298,Reorder Required,ORD-MAR26-20260201-SKU-F002,Forecast_Model,42,21,0.98,3.06,1.1,4.62,68.88,1,13.73
2026-03-01,SKU-F003,Monitor Stand,Furniture,0,0,Forecasted,,Forecast_Model,64,12,0.95,6.17,1.9,10.76,84.8,0,10.37
2026-03-01,SKU-F004,Desk Organizer,Furniture,0,0,Forecasted,,Forecast_Model,72,10,0.9,7.42,2.1,7.59,81.79,0,9.7
2026-03-01,SKU-F005,Laptop Stand,Furniture,0,0,Forecasted,,Forecast_Model,59,14,0.95,5.33,1.6,9.84,84.46,0,11.07
2026-03-01,SKU-F006,Filing Cabinet,Furniture,56,18850,Reorder Required,ORD-MAR26-20260201-SKU-F006,Forecast_Model,28,21,0.98,2.01,0.8,3.36,45.57,1,13.93
2026-03-01,SKU-F007,Footrest Ergonomic,Furniture,0,0,Forecasted,,Forecast_Model,50,14,0.9,4.66,1.5,7.35,72.59,0,10.73
2026-03-01,SKU-F008,Desk Mat Large,Furniture,0,0,Forecasted,,Forecast_Model,100,10,0.9,10.94,3.4,12.29,121.69,0,9.14
2026-03-01,SKU-O001,Scissors Office,Office Supplies,0,0,Forecasted,,Forecast_Model,79,7,0.85,16.16,4.4,6.43,119.55,0,4.89
2026-03-01,SKU-O002,Tape Dispenser,Office Supplies,0,0,Forecasted,,Forecast_Model,87,7,0.85,18.45,5.0,7.31,136.46,0,4.72
2026-03-01,SKU-O003,Paper Clips Box,Office Supplies,0,0,Forecasted,,Forecast_Model,143,5,0.85,31.63,8.9,13.01,171.16,0,4.52
2026-03-01,SKU-O004,Rubber Bands,Office Supplies,0,0,Forecasted,,Forecast_Model,119,5,0.85,26.24,7.1,10.38,141.58,0,4.54
2026-03-02,SKU-E001,Wireless Mouse Optical,Electronics,0,0,Forecasted,,Forecast_Model,150,7,0.95,14.89,4.2,11.54,115.76,0,10.07
2026-03-02,SKU-E002,USB Cable Type-C 1m,Electronics,0,0,Forecasted,,Forecast_Model,69,5,0.9,25.48,6.1,11.04,138.44,0,2.71
2026-03-02,SKU-E003,Mechanical Keyboard RGB,Electronics,0,0,Forecasted,,Forecast_Model,126,10,0.95,12.08,3.8,19.76,140.56,0,10.43
2026-03-02,SKU-E004,HDMI Cable 2m 4K,Electronics,0,0,Forecasted,,Forecast_Model,57,5,0.9,18.85,5.1,8.73,102.98,0,3.02
2026-03-02,SKU-E005,Webcam HD 1080p,Electronics,0,0,Forecasted,,Forecast_Model,90,10,0.95,9.62,2.7,14.04,110.24,0,9.36
2026-03-02,SKU-E006,USB Hub 4-Port,Electronics,0,0,Forecasted,,Forecast_Model,68,7,0.9,10.97,3.2,11.58,88.37,0,6.2
2026-03-02,SKU-E007,Power Strip 6-Outlet,Electronics,0,0,Forecasted,,Forecast_Model,72,7,0.9,14.02,3.9,14.1,112.24,0,5.14
2026-03-02,SKU-E008,Bluetooth Speaker,Electronics,0,0,Forecasted,,Forecast_Model,69,12,0.95,8.11,2.5,14.22,111.54,0,8.51
2026-03-02,SKU-E009,Phone Charger Fast,Electronics,0,0,Forecasted,,Forecast_Model,96,5,0.9,22.67,6.8,12.31,125.66,0,4.24
2026-03-02,SKU-E010,Laptop Cooling Pad,Electronics,0,0,Forecasted,,Forecast_Model,61,14,0.95,6.55,2.0,10.39,102.09,0,9.31
2026-03-02,SKU-S001,Notebook A4 Ruled,Stationery,0,0,Forecasted,,Forecast_Model,186,10,0.95,32.08,8.5,44.21,364.98,0,5.8
2026-03-02,SKU-S002,Printer Paper A4,Stationery,0,0,Forecasted,,Forecast_Model,208,7,0.9,46.31,12.3,44.53,368.7,0,4.49
2026-03-02,SKU-S003,Sticky Notes Pack,Stationery,0,0,Forecasted,,Forecast_Model,122,5,0.85,29.34,7.2,10.53,157.23,0,4.16
2026-03-02,SKU-S004,Whiteboard Markers,Stationery,0,0,Forecasted,,Forecast_Model,149,7,0.9,35.77,9.4,33.95,284.34,0,4.17
2026-03-02,SKU-S005,Stapler Heavy Duty,Stationery,0,0,Forecasted,,Forecast_Model,56,5,0.85,14.73,3.6,5.26,78.91,0,3.8
2026-03-02,SKU-S006,Binder Clips,Stationery,0,0,Forecasted,,Forecast_Model,115,5,0.85,43.44,11.2,16.37,233.57,0,2.65
2026-03-02,SKU-S007,Correction Tape,Stationery,0,0,Forecasted,,Forecast_Model,81,5,0.85,25.23,6.5,9.51,135.66,0,3.21
2026-03-02,SKU-S008,Pen Set Ballpoint,Stationery,0,0,Forecasted,,Forecast_Model,134,7,0.9,38.65,10.1,36.51,307.06,0,3.47
2026-03-02,SKU-S009,Highlighter Set,Stationery,0,0,Forecasted,,Forecast_Model,70,5,0.85,20.15,5.3,7.75,108.5,0,3.47
2026-03-02,SKU-S010,File Folders Letter,Stationery,0,0,Forecasted,,Forecast_Model,109,10,0.9,27.95,7.6,27.48,307.0,0,3.9
2026-03-02,SKU-S011,Index Cards 3x5,Stationery,0,0,Forecasted,,Forecast_Model,82,5,0.85,21.87,5.8,8.48,118.0,0,3.75
2026-03-02,SKU-F001,Desk Lamp LED,Furniture,0,0,Forecasted,,Forecast_Model,77,14,0.95,8.63,2.3,14.15,135.02,0,8.92
2026-03-02,SKU-F002,Office Chair,Furniture,125,53222,Reorder Required,ORD-MAR26-20260202-SKU-F002,Forecast_Model,38,21,0.98,3.21,1.1,4.62,72.09,1,11.84
2026-03-02,SKU-F003,Monitor Stand,Furniture,0,0,Forecasted,,Forecast_Model,57,12,0.95,6.44,1.9,10.76,87.98,0,8.85
2026-03-02,SKU-F004,Desk Organizer,Furniture,0,0,Forecasted,,Forecast_Model,64,10,0.9,7.62,2.1,7.59,83.79,0,8.4
2026-03-02,SKU-F005,Laptop Stand,Furniture,0,0,Forecasted,,Forecast_Model,53,14,0.95,5.52,1.6,9.84,86.98,0,9.6
2026-03-02,SKU-F006,Filing Cabinet,Furniture,55,27142,Reorder Required,ORD-MAR26-20260202-SKU-F006,Forecast_Model,26,21,0.98,2.12,0.8,3.36,47.88,1,12.26
2026-03-02,SKU-F007,Footrest Ergonomic,Furniture,0,0,Forecasted,,Forecast_Model,45,14,0.9,4.79,1.5,7.35,74.41,0,9.4
2026-03-02,SKU-F008,Desk Mat Large,Furniture,0,0,Forecasted,,Forecast_Model,89,10,0.9,11.23,3.4,12.29,124.59,0,7.93
2026-03-02,SKU-O001,Scissors Office,Office Supplies,0,0,Forecasted,,Forecast_Model,62,7,0.85,16.6,4.4,6.43,122.63,0,3.73
2026-03-02,SKU-O002,Tape Dispenser,Office Supplies,0,0,Forecasted,,Forecast_Model,68,7,0.85,18.96,5.0,7.31,139.03,0,3.59
2026-03-02,SKU-O003,Paper Clips Box,Office Supplies,0,0,Forecasted,,Forecast_Model,111,5,0.85,32.47,8.9,13.01,175.36,0,3.42
2026-03-02,SKU-O004,Rubber Bands,Office Supplies,0,0,Forecasted,,Forecast_Model,92,5,0.85,26.95,7.1,10.38,145.13,0,3.41
2026-03-03,SKU-E001,Wireless Mouse Optical,Electronics,0,0,Forecasted,,Forecast_Model,135,7,0.95,15.48,4.2,11.54,119.9,0,8.72
2026-03-03,SKU-E002,USB Cable Type-C 1m,Electronics,294,78798,Reorder Required,ORD-MAR26-20260203-SKU-E002,Forecast_Model,43,5,0.9,26.18,6.1,11.04,141.94,1,1.64
2026-03-03,SKU-E003,Mechanical Keyboard RGB,Electronics,0,0,Forecasted,,Forecast_Model,114,10,0.95,12.46,3.8,19.76,144.36,0,9.15
2026-03-03,SKU-E004,HDMI Cable 2m 4K,Electronics,209,86860,Reorder Required,ORD-MAR26-20260203-SKU-E004,Forecast_Model,37,5,0.9,19.44,5.1,8.73,105.93,1,1.9
2026-03-03,SKU-E005,Webcam HD 1080p,Electronics,0,0,Forecasted,,Forecast_Model,80,10,0.95,9.95,2.7,14.04,113.54,0,8.04
2026-03-03,SKU-E006,USB Hub 4-Port,Electronics,0,0,Forecasted,,Forecast_Model,57,7,0.9,11.35,3.2,11.58,91.03,0,5.02
2026-03-03,SKU-E007,Power Strip 6-Outlet,Electronics,0,0,Forecasted,,Forecast_Model,58,7,0.9,14.49,3.9,14.1,115.53,0,4.0
2026-03-03,SKU-E008,Bluetooth Speaker,Electronics,0,0,Forecasted,,Forecast_Model,61,12,0.95,8.38,2.5,14.22,114.78,0,7.28
2026-03-03,SKU-E009,Phone Charger Fast,Electronics,0,0,Forecasted,,Forecast_Model,73,5,0.9,23.32,6.8,12.31,128.91,0,3.13
2026-03-03,SKU-E010,Laptop Cooling Pad,Electronics,0,0,Forecasted,,Forecast_Model,54,14,0.95,6.76,2.0,10.39,104.98,0,7.99
2026-03-03,SKU-S001,Notebook A4 Ruled,Stationery,0,0,Forecasted,,Forecast_Model,153,10,0.95,33.13,8.5,44.21,375.48,0,4.62
2026-03-03,SKU-S002,Printer Paper A4,Stationery,0,0,Forecasted,,Forecast_Model,160,7,0.9,47.97,12.3,44.53,379.32,0,3.34
2026-03-03,SKU-S003,Sticky Notes Pack,Stationery,0,0,Forecasted,,Forecast_Model,92,5,0.85,30.32,7.2,10.53,162.13,0,3.03
2026-03-03,SKU-S004,Whiteboard Markers,Stationery,0,0,Forecasted,,Forecast_Model,112,7,0.9,37.17,9.4,33.95,294.14,0,3.01
2026-03-03,SKU-S005,Stapler Heavy Duty,Stationery,0,0,Forecasted,,Forecast_Model,41,5,0.85,15.22,3.6,5.26,81.36,0,2.69
2026-03-03,SKU-S006,Binder Clips,Stationery,436,103960,Reorder Required,ORD-MAR26-20260203-SKU-S006,Forecast_Model,71,5,0.85,44.44,11.2,16.37,238.57,1,1.6
2026-03-03,SKU-S007,Correction Tape,Stationery,0,0,Forecasted,,Forecast_Model,55,5,0.85,26.08,6.5,9.51,139.91,0,2.11
2026-03-03,SKU-S008,Pen Set Ballpoint,Stationery,0,0,Forecasted,,Forecast_Model,95,7,0.9,39.99,10.1,36.51,316.44,0,2.38
2026-03-03,SKU-S009,Highlighter Set,Stationery,0,0,Forecasted,,Forecast_Model,49,5,0.85,20.84,5.3,7.75,111.95,0,2.35
2026-03-03,SKU-S010,File Folders Letter,Stationery,0,0,Forecasted,,Forecast_Model,80,10,0.9,28.92,7.6,27.48,316.68,0,2.77
2026-03-03,SKU-S011,Index Cards 3x5,Stationery,0,0,Forecasted,,Forecast_Model,60,5,0.85,22.61,5.8,8.48,121.53,0,2.65
2026-03-03,SKU-F001,Desk Lamp LED,Furniture,0,0,Forecasted,,Forecast_Model,68,14,0.95,8.99,2.3,14.15,139.96,0,7.56
2026-03-03,SKU-F002,Office Chair,Furniture,122,56023,Reorder Required,ORD-MAR26-20260203-SKU-F002,Forecast_Model,35,21,0.98,3.38,1.1,4.62,75.6,1,10.36
2026-03-03,SKU-F003,Monitor Stand,Furniture,0,0,Forecasted,,Forecast_Model,51,12,0.95,6.73,1.9,10.76,91.52,0,7.58
2026-03-03,SKU-F004,Desk Organizer,Furniture,0,0,Forecasted,,Forecast_Model,56,10,0.9,7.89,2.1,7.59,86.49,0,7.1
2026-03-03,SKU-F005,Laptop Stand,Furniture,0,0,Forecasted,,Forecast_Model,48,14,0.95,5.73,1.6,9.84,89.66,0,8.38
2026-03-03,SKU-F006,Filing Cabinet,Furniture,51,21170,Reorder Required,ORD-MAR26-20260203-SKU-F006,Forecast_Model,24,21,0.98,2.23,0.8,3.36,50.19,1,10.76
2026-03-03,SKU-F007,Footrest Ergonomic,Furniture,0,0,Forecasted,,Forecast_Model,40,14,0.9,4.94,1.5,7.35,76.51,0,8.1
2026-03-03,SKU-F008,Desk Mat Large,Furniture,0,0,Forecasted,,Forecast_Model,77,10,0.9,11.61,3.4,12.29,128.39,0,6.63
2026-03-03,SKU-O001,Scissors Office,Office Supplies,0,0,Forecasted,,Forecast_Model,45,7,0.85,17.15,4.4,6.43,126.48,0,2.62
2026-03-03,SKU-O002,Tape Dispenser,Office Supplies,0,0,Forecasted,,Forecast_Model,49,7,0.85,19.61,5.0,7.31,144.58,0,2.5
2026-03-03,SKU-O003,Paper Clips Box,Office Supplies,456,147600,Reorder Required,ORD-MAR26-20260203-SKU-O003,Forecast_Model,78,5,0.85,33.57,8.9,13.01,180.86,1,2.32
2026-03-03,SKU-O004,Rubber Bands,Office Supplies,0,0,Forecasted,,Forecast_Model,65,5,0.85,27.87,7.1,10.38,149.73,0,2.33
2026-03-04,SKU-E001,Wireless Mouse Optical,Electronics,0,0,Forecasted,,Forecast_Model,119,7,0.95,16.12,4.2,11.54,124.38,0,7.38
2026-03-04,SKU-E002,USB Cable Type-C 1m,Electronics,249,89568,Reorder Required,ORD-MAR26-20260204-SKU-E002,Forecast_Model,16,5,0.9,26.93,6.1,11.04,145.69,1,0.59
2026-03-04,SKU-E003,Mechanical Keyboard RGB,Electronics,0,0,Forecasted,,Forecast_Model,101,10,0.95,12.9,3.8,19.76,148.76,0,7.83
2026-03-04,SKU-E004,HDMI Cable 2m 4K,Electronics,224,75600,Reorder Required,ORD-MAR26-20260204-SKU-E004,Forecast_Model,17,5,0.9,20.07,5.1,8.73,109.08,1,0.85
2026-03-04,SKU-E005,Webcam HD 1080p,Electronics,0,0,Forecasted,,Forecast_Model,70,10,0.95,10.32,2.7,14.04,117.24,0,6.78
2026-03-04,SKU-E006,USB Hub 4-Port,Electronics,0,0,Forecasted,,Forecast_Model,45,7,0.9,11.77,3.2,11.58,93.97,0,3.82
2026-03-04,SKU-E007,Power Strip 6-Outlet,Electronics,0,0,Forecasted,,Forecast_Model,44,7,0.9,15.01,3.9,14.1,119.17,0,2.93
2026-03-04,SKU-E008,Bluetooth Speaker,Electronics,0,0,Forecasted,,Forecast_Model,52,12,0.95,8.68,2.5,14.22,118.38,0,5.99
2026-03-04,SKU-E009,Phone Charger Fast,Electronics,0,0,Forecasted,,Forecast_Model,49,5,0.9,24.01,6.8,12.31,132.36,0,2.04
2026-03-04,SKU-E010,Laptop Cooling Pad,Electronics,0,0,Forecasted,,Forecast_Model,47,14,0.95,7.0,2.0,10.39,108.39,0,6.71
2026-03-04,SKU-S001,Notebook A4 Ruled,Stationery,0,0,Forecasted,,Forecast_Model,119,10,0.95,34.24,8.5,44.21,386.58,0,3.47
2026-03-04,SKU-S002,Printer Paper A4,Stationery,634,241970,Reorder Required,ORD-MAR26-20260204-SKU-S002,Forecast_Model,111,7,0.9,48.88,12.3,44.53,386.69,1,2.27
2026-03-04,SKU-S003,Sticky Notes Pack,Stationery,0,0,Forecasted,,Forecast_Model,61,5,0.85,31.36,7.2,10.53,167.33,0,1.95
2026-03-04,SKU-S004,Whiteboard Markers,Stationery,452,179200,Reorder Required,ORD-MAR26-20260204-SKU-S004,Forecast_Model,74,7,0.9,37.83,9.4,33.95,298.76,1,1.96
2026-03-04,SKU-S005,Stapler Heavy Duty,Stationery,140,57358,Reorder Required,ORD-MAR26-20260204-SKU-S005,Forecast_Model,25,5,0.85,15.74,3.6,5.26,84.96,1,1.59
2026-03-04,SKU-S006,Binder Clips,Stationery,406,103824,Reorder Required,ORD-MAR26-20260204-SKU-S006,Forecast_Model,26,5,0.85,45.49,11.2,16.37,243.82,1,0.57
2026-03-04,SKU-S007,Correction Tape,Stationery,261,78300,Reorder Required,ORD-MAR26-20260204-SKU-S007,Forecast_Model,28,5,0.85,26.97,6.5,9.51,144.36,1,1.04
2026-03-04,SKU-S008,Pen Set Ballpoint,Stationery,0,0,Forecasted,,Forecast_Model,54,7,0.9,41.39,10.1,36.51,326.21,0,1.3
2026-03-04,SKU-S009,Highlighter Set,Stationery,0,0,Forecasted,,Forecast_Model,28,5,0.85,21.57,5.3,7.75,115.6,0,1.3
2026-03-04,SKU-S010,File Folders Letter,Stationery,0,0,Forecasted,,Forecast_Model,51,10,0.9,29.95,7.6,27.48,326.98,0,1.7
2026-03-04,SKU-S011,Index Cards 3x5,Stationery,0,0,Forecasted,,Forecast_Model,37,5,0.85,23.39,5.8,8.48,125.43,0,1.58
2026-03-04,SKU-F001,Desk Lamp LED,Furniture,0,0,Forecasted,,Forecast_Model,59,14,0.95,9.37,2.3,14.15,145.91,0,6.3
2026-03-04,SKU-F002,Office Chair,Furniture,122,30855,Reorder Required,ORD-MAR26-20260204-SKU-F002,Forecast_Model,31,21,0.98,3.56,1.1,4.62,79.38,1,8.71
2026-03-04,SKU-F003,Monitor Stand,Furniture,0,0,Forecasted,,Forecast_Model,44,12,0.95,7.04,1.9,10.76,95.24,0,6.25
2026-03-04,SKU-F004,Desk Organizer,Furniture,0,0,Forecasted,,Forecast_Model,48,10,0.9,8.17,2.1,7.59,89.29,0,5.87
2026-03-04,SKU-F005,Laptop Stand,Furniture,0,0,Forecasted,,Forecast_Model,42,14,0.95,5.96,1.6,9.84,92.28,0,7.05
2026-03-04,SKU-F006,Filing Cabinet,Furniture,62,23606,Reorder Required,ORD-MAR26-20260204-SKU-F006,Forecast_Model,22,21,0.98,2.35,0.8,3.36,52.71,1,9.36
2026-03-04,SKU-F007,Footrest Ergonomic,Furniture,0,0,Forecasted,,Forecast_Model,35,14,0.9,5.11,1.5,7.35,78.9,0,6.85
2026-03-04,SKU-F008,Desk Mat Large,Furniture,0,0,Forecasted,,Forecast_Model,66,10,0.9,12.02,3.4,12.29,132.49,0,5.49
2026-03-04,SKU-O001,Scissors Office,Office Supplies,208,90720,Reorder Required,ORD-MAR26-20260204-SKU-O001,Forecast_Model,27,7,0.85,17.74,4.4,6.43,130.61,1,1.52
2026-03-04,SKU-O002,Tape Dispenser,Office Supplies,278,83200,Reorder Required,ORD-MAR26-20260204-SKU-O002,Forecast_Model,29,7,0.85,20.3,5.0,7.31,149.41,1,1.43
2026-03-04,SKU-O003,Paper Clips Box,Office Supplies,389,154870,Reorder Required,ORD-MAR26-20260204-SKU-O003,Forecast_Model,44,5,0.85,34.71,8.9,13.01,186.56,1,1.27
2026-03-04,SKU-O004,Rubber Bands,Office Supplies,321,95760,Reorder Required,ORD-MAR26-20260204-SKU-O004,Forecast_Model,37,5,0.85,28.82,7.1,10.38,154.48,1,1.28
2026-03-05,SKU-E001,Wireless Mouse Optical,Electronics,0,0,Forecasted,,Forecast_Model,103,7,0.95,16.81,4.2,11.54,129.21,0,6.13
2026-03-05,SKU-E002,USB Cable Type-C 1m,Electronics,287,75922,Reorder Required,ORD-MAR26-20260205-SKU-E002,Forecast_Model,0,5,0.9,27.72,6.1,11.04,149.64,1,0.0
2026-03-05,SKU-E003,Mechanical Keyboard RGB,Electronics,0,0,Forecasted,,Forecast_Model,88,10,0.95,13.37,3.8,19.76,153.46,0,6.58
2026-03-05,SKU-E004,HDMI Cable 2m 4K,Electronics,251,73780,Reorder Required,ORD-MAR26-20260205-SKU-E004,Forecast_Model,0,5,0.9,20.75,5.1,8.73,112.48,1,0.0
2026-03-05,SKU-E005,Webcam HD 1080p,Electronics,0,0,Forecasted,,Forecast_Model,60,10,0.95,10.71,2.7,14.04,121.14,0,5.6
2026-03-05,SKU-E006,USB Hub 4-Port,Electronics,0,0,Forecasted,,Forecast_Model,33,7,0.9,12.22,3.2,11.58,97.12,0,2.7
2026-03-05,SKU-E007,Power Strip 6-Outlet,Electronics,0,0,Forecasted,,Forecast_Model,29,7,0.9,15.57,3.9,14.1,123.09,0,1.86
2026-03-05,SKU-E008,Bluetooth Speaker,Electronics,0,0,Forecasted,,Forecast_Model,43,12,0.95,9.01,2.5,14.22,122.34,0,4.77
2026-03-05,SKU-E009,Phone Charger Fast,Electronics,0,0,Forecasted,,Forecast_Model,24,5,0.9,24.74,6.8,12.31,135.01,0,0.97
2026-03-05,SKU-E010,Laptop Cooling Pad,Electronics,0,0,Forecasted,,Forecast_Model,40,14,0.95,7.26,2.0,10.39,112.03,0,5.51
2026-03-05,SKU-S001,Notebook A4 Ruled,Stationery,0,0,Forecasted,,Forecast_Model,84,10,0.95,35.42,8.5,44.21,398.38,0,2.37
2026-03-05,SKU-S002,Printer Paper A4,Stationery,662,200320,Reorder Required,ORD-MAR26-20260205-SKU-S002,Forecast_Model,61,7,0.9,50.25,12.3,44.53,395.28,1,1.21
2026-03-05,SKU-S003,Sticky Notes Pack,Stationery,273,128856,Reorder Required,ORD-MAR26-20260205-SKU-S003,Forecast_Model,29,5,0.85,32.44,7.2,10.53,172.73,1,0.89
2026-03-05,SKU-S004,Whiteboard Markers,Stationery,430,180400,Reorder Required,ORD-MAR26-20260205-SKU-S004,Forecast_Model,35,7,0.9,39.19,9.4,33.95,308.28,1,0.89
2026-03-05,SKU-S005,Stapler Heavy Duty,Stationery,154,55080,Reorder Required,ORD-MAR26-20260205-SKU-S005,Forecast_Model,9,5,0.85,16.3,3.6,5.26,87.76,1,0.55
2026-03-05,SKU-S006,Binder Clips,Stationery,434,128340,Reorder Required,ORD-MAR26-20260205-SKU-S006,Forecast_Model,0,5,0.85,46.58,11.2,16.37,249.27,1,0.0
2026-03-05,SKU-S007,Correction Tape,Stationery,239,68100,Reorder Required,ORD-MAR26-20260205-SKU-S007,Forecast_Model,1,5,0.85,27.91,6.5,9.51,149.06,1,0.04
2026-03-05,SKU-S008,Pen Set Ballpoint,Stationery,0,0,Forecasted,,Forecast_Model,11,7,0.9,42.85,10.1,36.51,336.46,0,0.26
2026-03-05,SKU-S009,Highlighter Set,Stationery,230,74490,Reorder Required,ORD-MAR26-20260205-SKU-S009,Forecast_Model,6,5,0.85,22.34,5.3,7.75,119.45,1,0.27
2026-03-05,SKU-S010,File Folders Letter,Stationery,452,238280,Reorder Required,ORD-MAR26-20260205-SKU-S010,Forecast_Model,21,10,0.9,31.02,7.6,27.48,337.68,1,0.68
2026-03-05,SKU-S011,Index Cards 3x5,Stationery,247,61690,Reorder Required,ORD-MAR26-20260205-SKU-S011,Forecast_Model,14,5,0.85,24.21,5.8,8.48,129.53,1,0.58
2026-03-05,SKU-F001,Desk Lamp LED,Furniture,0,0,Forecasted,,Forecast_Model,50,14,0.95,9.78,2.3,14.15,151.07,0,5.11
2026-03-05,SKU-F002,Office Chair,Furniture,132,49929,Reorder Required,ORD-MAR26-20260205-SKU-F002,Forecast_Model,27,21,0.98,3.75,1.1,4.62,83.37,1,7.2
2026-03-05,SKU-F003,Monitor Stand,Furniture,0,0,Forecasted,,Forecast_Model,37,12,0.95,7.36,1.9,10.76,99.08,0,5.03
2026-03-05,SKU-F004,Desk Organizer,Furniture,0,0,Forecasted,,Forecast_Model,40,10,0.9,8.48,2.1,7.59,92.39,0,4.72
2026-03-05,SKU-F005,Laptop Stand,Furniture,0,0,Forecasted,,Forecast_Model,36,14,0.95,6.21,1.6,9.84,95.78,0,5.8
2026-03-05,SKU-F006,Filing Cabinet,Furniture,58,24650,Reorder Required,ORD-MAR26-20260205-SKU-F006,Forecast_Model,19,21,0.98,2.47,0.8,3.36,55.23,1,7.69
2026-03-05,SKU-F007,Footrest Ergonomic,Furniture,0,0,Forecasted,,Forecast_Model,30,14,0.9,5.29,1.5,7.35,81.35,0,5.67
2026-03-05,SKU-F008,Desk Mat Large,Furniture,0,0,Forecasted,,Forecast_Model,54,10,0.9,12.44,3.4,12.29,136.89,0,4.34
2026-03-05,SKU-O001,Scissors Office,Office Supplies,236,72380,Reorder Required,ORD-MAR26-20260205-SKU-O001,Forecast_Model,9,7,0.85,18.37,4.4,6.43,135.02,1,0.49
2026-03-05,SKU-O002,Tape Dispenser,Office Supplies,299,93035,Reorder Required,ORD-MAR26-20260205-SKU-O002,Forecast_Model,10,7,0.85,21.02,5.0,7.31,154.45,1,0.48
2026-03-05,SKU-O003,Paper Clips Box,Office Supplies,494,141100,Reorder Required,ORD-MAR26-20260205-SKU-O003,Forecast_Model,9,5,0.85,35.9,8.9,13.01,192.51,1,0.25
2026-03-05,SKU-O004,Rubber Bands,Office Supplies,267,85440,Reorder Required,ORD-MAR26-20260205-SKU-O004,Forecast_Model,8,5,0.85,29.81,7.1,10.38,159.43,1,0.27
2026-03-06,SKU-E001,Wireless Mouse Optical,Electronics,0,0,Forecasted,,Forecast_Model,86,7,0.95,17.14,4.2,11.54,131.52,0,5.02
2026-03-06,SKU-E002,USB Cable Type-C 1m,Electronics,309,71080,Reorder Required,ORD-MAR26-20260206-SKU-E002,Forecast_Model,0,5,0.9,26.85,6.1,11.04,145.29,1,0.0
2026-03-06,SKU-E003,Mechanical Keyboard RGB,Electronics,0,0,Forecasted,,Forecast_Model,76,10,0.95,12.89,3.8,19.76,148.66,0,5.9
2026-03-06,SKU-E004,HDMI Cable 2m 4K,Electronics,223,79560,Reorder Required,ORD-MAR26-20260206-SKU-E004,Forecast_Model,0,5,0.9,20.05,5.1,8.73,109.0,1,0.0
2026-03-06,SKU-E005,Webcam HD 1080p,Electronics,0,0,Forecasted,,Forecast_Model,50,10,0.95,10.35,2.7,14.04,117.54,0,4.83
2026-03-06,SKU-E006,USB Hub 4-Port,Electronics,185,52830,Reorder Required,ORD-MAR26-20260206-SKU-E006,Forecast_Model,22,7,0.9,11.8,3.2,11.58,94.18,1,1.86
2026-03-06,SKU-E007,Power Strip 6-Outlet,Electronics,228,60900,Reorder Required,ORD-MAR26-20260206-SKU-E007,Forecast_Model,15,7,0.9,15.02,3.9,14.1,119.23,1,1.0
2026-03-06,SKU-E008,Bluetooth Speaker,Electronics,0,0,Forecasted,,Forecast_Model,34,12,0.95,8.98,2.5,14.22,122.0,0,3.79
2026-03-06,SKU-E009,Phone Charger Fast,Electronics,435,135100,Reorder Required,ORD-MAR26-20260206-SKU-E009,Forecast_Model,0,5,0.9,25.25,6.8,12.31,138.56,1,0.0
2026-03-06,SKU-E010,Laptop Cooling Pad,Electronics,0,0,Forecasted,,Forecast_Model,33,14,0.95,7.42,2.0,10.39,114.27,0,4.45
2026-03-06,SKU-S001,Notebook A4 Ruled,Stationery,658,188170,Reorder Required,ORD-MAR26-20260206-SKU-S001,Forecast_Model,49,10,0.95,34.21,8.5,44.21,386.28,1,1.43
2026-03-06,SKU-S002,Printer Paper A4,Stationery,687,220320,Reorder Required,ORD-MAR26-20260206-SKU-S002,Forecast_Model,12,7,0.9,48.59,12.3,44.53,384.66,1,0.25
2026-03-06,SKU-S003,Sticky Notes Pack,Stationery,288,110000,Reorder Required,ORD-MAR26-20260206-SKU-S003,Forecast_Model,0,5,0.85,31.32,7.2,10.53,167.13,1,0.0
2026-03-06,SKU-S004,Whiteboard Markers,Stationery,525,169680,Reorder Required,ORD-MAR26-20260206-SKU-S004,Forecast_Model,0,7,0.9,37.75,9.4,33.95,298.2,1,0.0
2026-03-06,SKU-S005,Stapler Heavy Duty,Stationery,132,57540,Reorder Required,ORD-MAR26-20260206-SKU-S005,Forecast_Model,0,5,0.85,15.73,3.6,5.26,84.91,1,0.0
2026-03-06,SKU-S006,Binder Clips,Stationery,418,138270,Reorder Required,ORD-MAR26-20260206-SKU-S006,Forecast_Model,0,5,0.85,45.01,11.2,16.37,241.42,1,0.0
2026-03-06,SKU-S007,Correction Tape,Stationery,248,69000,Reorder Required,ORD-MAR26-20260206-SKU-S007,Forecast_Model,0,5,0.85,26.96,6.5,9.51,144.31,1,0.0
2026-03-06,SKU-S008,Pen Set Ballpoint,Stationery,546,213200,Reorder Required,ORD-MAR26-20260206-SKU-S008,Forecast_Model,0,7,0.9,41.15,10.1,36.51,324.56,1,0.0
2026-03-06,SKU-S009,Highlighter Set,Stationery,207,63690,Reorder Required,ORD-MAR26-20260206-SKU-S009,Forecast_Model,0,5,0.85,21.58,5.3,7.75,115.65,1,0.0
2026-03-06,SKU-S010,File Folders Letter,Stationery,524,182350,Reorder Required,ORD-MAR26-20260206-SKU-S010,Forecast_Model,0,10,0.9,29.9,7.6,27.48,326.48,1,0.0
2026-03-06,SKU-S011,Index Cards 3x5,Stationery,217,62310,Reorder Required,ORD-MAR26-20260206-SKU-S011,Forecast_Model,0,5,0.85,23.37,5.8,8.48,125.33,1,0.0
2026-03-06,SKU-F001,Desk Lamp LED,Furniture,0,0,Forecasted,,Forecast_Model,40,14,0.95,9.45,2.3,14.15,147.43,0,4.23
2026-03-06,SKU-F002,Office Chair,Furniture,124,35990,Reorder Required,ORD-MAR26-20260206-SKU-F002,Forecast_Model,24,21,0.98,3.62,1.1,4.62,80.4,1,6.63
2026-03-06,SKU-F003,Monitor Stand,Furniture,0,0,Forecasted,,Forecast_Model,30,12,0.95,7.11,1.9,10.76,95.98,0,4.22
2026-03-06,SKU-F004,Desk Organizer,Furniture,0,0,Forecasted,,Forecast_Model,32,10,0.9,8.17,2.1,7.59,89.29,0,3.92
2026-03-06,SKU-F005,Laptop Stand,Furniture,0,0,Forecasted,,Forecast_Model,30,14,0.95,6.01,1.6,9.84,93.98,0,4.99
2026-03-06,SKU-F006,Filing Cabinet,Furniture,63,18560,Reorder Required,ORD-MAR26-20260206-SKU-F006,Forecast_Model,17,21,0.98,2.38,0.8,3.36,53.34,1,7.14
2026-03-06,SKU-F007,Footrest Ergonomic,Furniture,0,0,Forecasted,,Forecast_Model,24,14,0.9,5.12,1.5,7.35,78.99,0,4.69
2026-03-06,SKU-F008,Desk Mat Large,Furniture,0,0,Forecasted,,Forecast_Model,42,10,0.9,11.98,3.4,12.29,132.09,0,3.51
2026-03-06,SKU-O001,Scissors Office,Office Supplies,237,84700,Reorder Required,ORD-MAR26-20260206-SKU-O001,Forecast_Model,0,7,0.85,17.71,4.4,6.43,130.4,1,0.0
2026-03-06,SKU-O002,Tape Dispenser,Office Supplies,262,90650,Reorder Required,ORD-MAR26-20260206-SKU-O002,Forecast_Model,0,7,0.85,20.26,5.0,7.31,149.13,1,0.0
2026-03-06,SKU-O003,Paper Clips Box,Office Supplies,438,146300,Reorder Required,ORD-MAR26-20260206-SKU-O003,Forecast_Model,0,5,0.85,34.66,8.9,13.01,186.31,1,0.0
2026-03-06,SKU-O004,Rubber Bands,Office Supplies,277,91460,Reorder Required,ORD-MAR26-20260206-SKU-O004,Forecast_Model,0,5,0.85,28.76,7.1,10.38,154.18,1,0.0
2026-03-07,SKU-E001,Wireless Mouse Optical,Electronics,0,0,Forecasted,,Forecast_Model,69,7,0.95,16.58,4.2,11.54,127.6,0,4.16
2026-03-07,SKU-E002,USB Cable Type-C 1m,Electronics,260,77232,Reorder Required,ORD-MAR26-20260207-SKU-E002,Forecast_Model,0,5,0.9,26.01,6.1,11.04,141.09,1,0.0
2026-03-07,SKU-E003,Mechanical Keyboard RGB,Electronics,0,0,Forecasted,,Forecast_Model,64,10,0.95,12.44,3.8,19.76,144.16,0,5.14
2026-03-07,SKU-E004,HDMI Cable 2m 4K,Electronics,269,76500,Reorder Required,ORD-MAR26-20260207-SKU-E004,Forecast_Model,0,5,0.9,19.39,5.1,8.73,105.68,1,0.0
2026-03-07,SKU-E005,Webcam HD 1080p,Electronics,0,0,Forecasted,,Forecast_Model,40,10,0.95,10.02,2.7,14.04,114.24,0,3.99
2026-03-07,SKU-E006,USB Hub 4-Port,Electronics,199,52920,Reorder Required,ORD-MAR26-20260207-SKU-E006,Forecast_Model,11,7,0.9,11.41,3.2,11.58,91.45,1,0.96
2026-03-07,SKU-E007,Power Strip 6-Outlet,Electronics,203,57400,Reorder Required,ORD-MAR26-20260207-SKU-E007,Forecast_Model,1,7,0.9,14.51,3.9,14.1,115.67,1,0.07
2026-03-07,SKU-E008,Bluetooth Speaker,Electronics,135,59925,Reorder Required,ORD-MAR26-20260207-SKU-E008,Forecast_Model,25,12,0.95,8.68,2.5,14.22,118.38,1,2.88
2026-03-07,SKU-E009,Phone Charger Fast,Electronics,384,148010,Reorder Required,ORD-MAR26-20260207-SKU-E009,Forecast_Model,0,5,0.9,24.48,6.8,12.31,134.71,1,0.0
2026-03-07,SKU-E010,Laptop Cooling Pad,Electronics,0,0,Forecasted,,Forecast_Model,26,14,0.95,7.16,2.0,10.39,110.63,0,3.63
2026-03-07,SKU-S001,Notebook A4 Ruled,Stationery,609,233280,Reorder Required,ORD-MAR26-20260207-SKU-S001,Forecast_Model,17,10,0.95,33.08,8.5,44.21,375.08,1,0.51
2026-03-07,SKU-S002,Printer Paper A4,Stationery,675,229320,Reorder Required,ORD-MAR26-20260207-SKU-S002,Forecast_Model,0,7,0.9,46.99,12.3,44.53,373.46,1,0.0
2026-03-07,SKU-S003,Sticky Notes Pack,Stationery,263,92400,Reorder Required,ORD-MAR26-20260207-SKU-S003,Forecast_Model,0,5,0.85,30.3,7.2,10.53,162.03,1,0.0
2026-03-07,SKU-S004,Whiteboard Markers,Stationery,447,162350,Reorder Required,ORD-MAR26-20260207-SKU-S004,Forecast_Model,0,7,0.9,36.57,9.4,33.95,289.94,1,0.0
2026-03-07,SKU-S005,Stapler Heavy Duty,Stationery,137,63000,Reorder Required,ORD-MAR26-20260207-SKU-S005,Forecast_Model,0,5,0.85,15.22,3.6,5.26,81.36,1,0.0
2026-03-07,SKU-S006,Binder Clips,Stationery,503,126900,Reorder Required,ORD-MAR26-20260207-SKU-S006,Forecast_Model,0,5,0.85,43.49,11.2,16.37,233.82,1,0.0
2026-03-07,SKU-S007,Correction Tape,Stationery,243,69900,Reorder Required,ORD-MAR26-20260207-SKU-S007,Forecast_Model,0,5,0.85,26.11,6.5,9.51,139.06,1,0.0
2026-03-07,SKU-S008,Pen Set Ballpoint,Stationery,666,188640,Reorder Required,ORD-MAR26-20260207-SKU-S008,Forecast_Model,0,7,0.9,39.86,10.1,36.51,315.51,1,0.0
2026-03-07,SKU-S009,Highlighter Set,Stationery,205,72520,Reorder Required,ORD-MAR26-20260207-SKU-S009,Forecast_Model,0,5,0.85,20.87,5.3,7.75,112.1,1,0.0
2026-03-07,SKU-S010,File Folders Letter,Stationery,558,220500,Reorder Required,ORD-MAR26-20260207-SKU-S010,Forecast_Model,0,10,0.9,28.93,7.6,27.48,316.78,1,0.0
2026-03-07,SKU-S011,Index Cards 3x5,Stationery,243,65280,Reorder Required,ORD-MAR26-20260207-SKU-S011,Forecast_Model,0,5,0.85,22.57,5.8,8.48,121.33,1,0.0
2026-03-07,SKU-F001,Desk Lamp LED,Furniture,0,0,Forecasted,,Forecast_Model,31,14,0.95,9.13,2.3,14.15,142.97,0,3.39
2026-03-07,SKU-F002,Office Chair,Furniture,112,39483,Reorder Required,ORD-MAR26-20260207-SKU-F002,Forecast_Model,20,21,0.98,3.5,1.1,4.62,77.12,1,5.71
2026-03-07,SKU-F003,Monitor Stand,Furniture,202,60775,Reorder Required,ORD-MAR26-20260207-SKU-F003,Forecast_Model,23,12,0.95,6.87,1.9,10.76,93.2,1,3.35
2026-03-07,SKU-F004,Desk Organizer,Furniture,0,0,Forecasted,,Forecast_Model,24,10,0.9,7.9,2.1,7.59,86.59,0,3.04
2026-03-07,SKU-F005,Laptop Stand,Furniture,0,0,Forecasted,,Forecast_Model,24,14,0.95,5.8,1.6,9.84,90.04,0,4.14
2026-03-07,SKU-F006,Filing Cabinet,Furniture,68,23782,Reorder Required,ORD-MAR26-20260207-SKU-F006,Forecast_Model,15,21,0.98,2.29,0.8,3.36,51.45,1,6.55
2026-03-07,SKU-F007,Footrest Ergonomic,Furniture,0,0,Forecasted,,Forecast_Model,19,14,0.9,4.96,1.5,7.35,76.79,0,3.83
2026-03-07,SKU-F008,Desk Mat Large,Furniture,0,0,Forecasted,,Forecast_Model,30,10,0.9,11.56,3.4,12.29,128.09,0,2.6
2026-03-07,SKU-O001,Scissors Office,Office Supplies,199,84360,Reorder Required,ORD-MAR26-20260207-SKU-O001,Forecast_Model,0,7,0.85,17.1,4.4,6.43,126.13,1,0.0
2026-03-07,SKU-O002,Tape Dispenser,Office Supplies,246,88740,Reorder Required,ORD-MAR26-20260207-SKU-O002,Forecast_Model,0,7,0.85,19.58,5.0,7.31,144.37,1,0.0
2026-03-07,SKU-O003,Paper Clips Box,Office Supplies,437,142800,Reorder Required,ORD-MAR26-20260207-SKU-O003,Forecast_Model,0,5,0.85,33.48,8.9,13.01,180.41,1,0.0
2026-03-07,SKU-O004,Rubber Bands,Office Supplies,258,97560,Reorder Required,ORD-MAR26-20260207-SKU-O004,Forecast_Model,0,5,0.85,27.83,7.1,10.38,149.53,1,0.0
2026-03-08,SKU-E001,Wireless Mouse Optical,Electronics,0,0,Forecasted,,Forecast_Model,52,7,0.95,16.96,4.2,11.54,130.26,0,3.07
2026-03-08,SKU-E002,USB Cable Type-C 1m,Electronics,308,69300,Reorder Required,ORD-MAR26-20260208-SKU-E002,Forecast_Model,0,5,0.9,26.62,6.1,11.04,144.14,1,0.0
2026-03-08,SKU-E003,Mechanical Keyboard RGB,Electronics,0,0,Forecasted,,Forecast_Model,51,10,0.95,12.74,3.8,19.76,147.16,0,4.0
2026-03-08,SKU-E004,HDMI Cable 2m 4K,Electronics,213,77520,Reorder Required,ORD-MAR26-20260208-SKU-E004,Forecast_Model,0,5,0.9,19.83,5.1,8.73,107.88,1,0.0
2026-03-08,SKU-E005,Webcam HD 1080p,Electronics,0,0,Forecasted,,Forecast_Model,30,10,0.95,10.25,2.7,14.04,116.54,0,2.93
2026-03-08,SKU-E006,USB Hub 4-Port,Electronics,221,62042,Reorder Required,ORD-MAR26-20260208-SKU-E006,Forecast_Model,0,7,0.9,11.66,3.2,11.58,93.2,1,0.0
2026-03-08,SKU-E007,Power Strip 6-Outlet,Electronics,182,73245,Reorder Required,ORD-MAR26-20260208-SKU-E007,Forecast_Model,0,7,0.9,14.85,3.9,14.1,118.05,1,0.0
2026-03-08,SKU-E008,Bluetooth Speaker,Electronics,172,56350,Reorder Required,ORD-MAR26-20260208-SKU-E008,Forecast_Model,16,12,0.95,8.91,2.5,14.22,121.14,1,1.79
2026-03-08,SKU-E009,Phone Charger Fast,Electronics,383,164821,Reorder Required,ORD-MAR26-20260208-SKU-E009,Forecast_Model,0,5,0.9,25.06,6.8,12.31,137.61,1,0.0
2026-03-08,SKU-E010,Laptop Cooling Pad,Electronics,0,0,Forecasted,,Forecast_Model,19,14,0.95,7.33,2.0,10.39,112.02,0,2.59
2026-03-08,SKU-S001,Notebook A4 Ruled,Stationery,700,222480,Reorder Required,ORD-MAR26-20260208-SKU-S001,Forecast_Model,0,10,0.95,33.84,8.5,44.21,382.58,1,0.0
2026-03-08,SKU-S002,Printer Paper A4,Stationery,675,237970,Reorder Required,ORD-MAR26-20260208-SKU-S002,Forecast_Model,0,7,0.9,48.09,12.3,44.53,380.16,1,0.0
2026-03-08,SKU-S003,Sticky Notes Pack,Stationery,350,105188,Reorder Required,ORD-MAR26-20260208-SKU-S003,Forecast_Model,0,5,0.85,31.01,7.2,10.53,165.58,1,0.0
2026-03-08,SKU-S004,Whiteboard Markers,Stationery,462,153450,Reorder Required,ORD-MAR26-20260208-SKU-S004,Forecast_Model,0,7,0.9,37.38,9.4,33.95,296.61,1,0.0
2026-03-08,SKU-S005,Stapler Heavy Duty,Stationery,169,52410,Reorder Required,ORD-MAR26-20260208-SKU-S005,Forecast_Model,0,5,0.85,15.58,3.6,5.26,84.16,1,0.0
2026-03-08,SKU-S006,Binder Clips,Stationery,400,160740,Reorder Required,ORD-MAR26-20260208-SKU-S006,Forecast_Model,0,5,0.85,44.49,11.2,16.37,238.82,1,0.0
2026-03-08,SKU-S007,Correction Tape,Stationery,235,70800,Reorder Required,ORD-MAR26-20260208-SKU-S007,Forecast_Model,0,5,0.85,26.72,6.5,9.51,143.11,1,0.0
2026-03-08,SKU-S008,Pen Set Ballpoint,Stationery,501,174410,Reorder Required,ORD-MAR26-20260208-SKU-S008,Forecast_Model,0,7,0.9,40.82,10.1,36.51,322.23,1,0.0
2026-03-08,SKU-S009,Highlighter Set,Stationery,170,69300,Reorder Required,ORD-MAR26-20260208-SKU-S009,Forecast_Model,0,5,0.85,21.36,5.3,7.75,114.55,1,0.0
2026-03-08,SKU-S010,File Folders Letter,Stationery,583,238320,Reorder Required,ORD-MAR26-20260208-SKU-S010,Forecast_Model,0,10,0.9,29.59,7.6,27.48,323.38,1,0.0
2026-03-08,SKU-S011,Index Cards 3x5,Stationery,185,63860,Reorder Required,ORD-MAR26-20260208-SKU-S011,Forecast_Model,0,5,0.85,23.07,5.8,8.48,123.83,1,0.0
2026-03-08,SKU-F001,Desk Lamp LED,Furniture,0,0,Forecasted,,Forecast_Model,22,14,0.95,9.34,2.3,14.15,145.91,0,2.35
2026-03-08,SKU-F002,Office Chair,Furniture,129,31248,Reorder Required,ORD-MAR26-20260208-SKU-F002,Forecast_Model,17,21,0.98,3.58,1.1,4.62,79.74,1,4.75
2026-03-08,SKU-F003,Monitor Stand,Furniture,153,54590,Reorder Required,ORD-MAR26-20260208-SKU-F003,Forecast_Model,16,12,0.95,7.03,1.9,10.76,95.06,1,2.28
2026-03-08,SKU-F004,Desk Organizer,Furniture,0,0,Forecasted,,Forecast_Model,16,10,0.9,8.08,2.1,7.59,88.39,0,1.98
2026-03-08,SKU-F005,Laptop Stand,Furniture,0,0,Forecasted,,Forecast_Model,18,14,0.95,5.93,1.6,9.84,92.86,0,3.04
2026-03-08,SKU-F006,Filing Cabinet,Furniture,63,18560,Reorder Required,ORD-MAR26-20260208-SKU-F006,Forecast_Model,13,21,0.98,2.34,0.8,3.36,52.5,1,5.56
2026-03-08,SKU-F007,Footrest Ergonomic,Furniture,149,48600,Reorder Required,ORD-MAR26-20260208-SKU-F007,Forecast_Model,14,14,0.9,5.08,1.5,7.35,78.47,1,2.76
2026-03-08,SKU-F008,Desk Mat Large,Furniture,0,0,Forecasted,,Forecast_Model,18,10,0.9,11.82,3.4,12.29,130.49,0,1.52
2026-03-08,SKU-O001,Scissors Office,Office Supplies,245,71680,Reorder Required,ORD-MAR26-20260208-SKU-O001,Forecast_Model,0,7,0.85,17.48,4.4,6.43,129.79,1,0.0
2026-03-08,SKU-O002,Tape Dispenser,Office Supplies,290,86790,Reorder Required,ORD-MAR26-20260208-SKU-O002,Forecast_Model,0,7,0.85,20.02,5.0,7.31,147.45,1,0.0
2026-03-08,SKU-O003,Paper Clips Box,Office Supplies,458,147480,Reorder Required,ORD-MAR26-20260208-SKU-O003,Forecast_Model,0,5,0.85,34.38,8.9,13.01,185.91,1,0.0
2026-03-08,SKU-O004,Rubber Bands,Office Supplies,299,84630,Reorder Required,ORD-MAR26-20260208-SKU-O004,Forecast_Model,0,5,0.85,28.56,7.1,10.38,153.18,1,0.0
2026-03-09,SKU-E001,Wireless Mouse Optical,Electronics,226,74120,Reorder Required,ORD-MAR26-20260209-SKU-E001,Forecast_Model,35,7,0.95,17.37,4.2,11.54,133.13,1,2.02
2026-03-09,SKU-E002,USB Cable Type-C 1m,Electronics,301,90090,Reorder Required,ORD-MAR26-20260209-SKU-E002,Forecast_Model,0,5,0.9,27.24,6.1,11.04,147.24,1,0.0
2026-03-09,SKU-E003,Mechanical Keyboard RGB,Electronics,0,0,Forecasted,,Forecast_Model,38,10,0.95,13.03,3.8,19.76,150.06,0,2.92
2026-03-09,SKU-E004,HDMI Cable 2m 4K,Electronics,222,69300,Reorder Required,ORD-MAR26-20260209-SKU-E004,Forecast_Model,0,5,0.9,20.29,5.1,8.73,110.18,1,0.0
2026-03-09,SKU-E005,Webcam HD 1080p,Electronics,0,0,Forecasted,,Forecast_Model,19,10,0.95,10.51,2.7,14.04,119.14,0,1.81
2026-03-09,SKU-E006,USB Hub 4-Port,Electronics,195,58140,Reorder Required,ORD-MAR26-20260209-SKU-E006,Forecast_Model,0,7,0.9,11.93,3.2,11.58,94.93,1,0.0
2026-03-09,SKU-E007,Power Strip 6-Outlet,Electronics,199,73150,Reorder Required,ORD-MAR26-20260209-SKU-E007,Forecast_Model,0,7,0.9,15.21,3.9,14.1,120.57,1,0.0
2026-03-09,SKU-E008,Bluetooth Speaker,Electronics,199,54590,Reorder Required,ORD-MAR26-20260209-SKU-E008,Forecast_Model,7,12,0.95,9.13,2.5,14.22,123.78,1,0.77
2026-03-09,SKU-E009,Phone Charger Fast,Electronics,432,129690,Reorder Required,ORD-MAR26-20260209-SKU-E009,Forecast_Model,0,5,0.9,25.66,6.8,12.31,140.61,1,0.0
2026-03-09,SKU-E010,Laptop Cooling Pad,Electronics,0,0,Forecasted,,Forecast_Model,12,14,0.95,7.5,2.0,10.39,115.39,0,1.6
2026-03-09,SKU-S001,Notebook A4 Ruled,Stationery,731,230520,Reorder Required,ORD-MAR26-20260209-SKU-S001,Forecast_Model,0,10,0.95,34.59,8.5,44.21,389.98,1,0.0
2026-03-09,SKU-S002,Printer Paper A4,Stationery,840,206400,Reorder Required,ORD-MAR26-20260209-SKU-S002,Forecast_Model,0,7,0.9,49.2,12.3,44.53,387.93,1,0.0
2026-03-09,SKU-S003,Sticky Notes Pack,Stationery,289,94050,Reorder Required,ORD-MAR26-20260209-SKU-S003,Forecast_Model,0,5,0.85,31.76,7.2,10.53,169.33,1,0.0
2026-03-09,SKU-S004,Whiteboard Markers,Stationery,538,182110,Reorder Required,ORD-MAR26-20260209-SKU-S004,Forecast_Model,0,7,0.9,38.22,9.4,33.95,302.49,1,0.0
2026-03-09,SKU-S005,Stapler Heavy Duty,Stationery,146,56550,Reorder Required,ORD-MAR26-20260209-SKU-S005,Forecast_Model,0,5,0.85,15.95,3.6,5.26,86.01,1,0.0
2026-03-09,SKU-S006,Binder Clips,Stationery,503,146200,Reorder Required,ORD-MAR26-20260209-SKU-S006,Forecast_Model,0,5,0.85,45.46,11.2,16.37,243.67,1,0.0
2026-03-09,SKU-S007,Correction Tape,Stationery,223,62140,Reorder Required,ORD-MAR26-20260209-SKU-S007,Forecast_Model,0,5,0.85,27.35,6.5,9.51,146.26,1,0.0
2026-03-09,SKU-S008,Pen Set Ballpoint,Stationery,584,198550,Reorder Required,ORD-MAR26-20260209-SKU-S008,Forecast_Model,0,7,0.9,41.68,10.1,36.51,328.29,1,0.0
2026-03-09,SKU-S009,Highlighter Set,Stationery,195,70350,Reorder Required,ORD-MAR26-20260209-SKU-S009,Forecast_Model,0,5,0.85,21.87,5.3,7.75,117.1,1,0.0
2026-03-09,SKU-S010,File Folders Letter,Stationery,683,207210,Reorder Required,ORD-MAR26-20260209-SKU-S010,Forecast_Model,0,10,0.9,30.27,7.6,27.48,330.18,1,0.0
2026-03-09,SKU-S011,Index Cards 3x5,Stationery,258,68970,Reorder Required,ORD-MAR26-20260209-SKU-S011,Forecast_Model,0,5,0.85,23.58,5.8,8.48,126.43,1,0.0
2026-03-09,SKU-F001,Desk Lamp LED,Furniture,257,86445,Reorder Required,ORD-MAR26-20260209-SKU-F001,Forecast_Model,13,14,0.95,9.56,2.3,14.15,148.75,1,1.36
2026-03-09,SKU-F002,Office Chair,Furniture,142,30875,Reorder Required,ORD-MAR26-20260209-SKU-F002,Forecast_Model,13,21,0.98,3.66,1.1,4.62,81.57,1,3.55
2026-03-09,SKU-F003,Monitor Stand,Furniture,162,62370,Reorder Required,ORD-MAR26-20260209-SKU-F003,Forecast_Model,9,12,0.95,7.2,1.9,10.76,96.76,1,1.25
2026-03-09,SKU-F004,Desk Organizer,Furniture,135,65640,Reorder Required,ORD-MAR26-20260209-SKU-F004,Forecast_Model,8,10,0.9,8.27,2.1,7.59,90.29,1,0.97
2026-03-09,SKU-F005,Laptop Stand,Furniture,0,0,Forecasted,,Forecast_Model,12,14,0.95,6.07,1.6,9.84,94.82,0,1.98
2026-03-09,SKU-F006,Filing Cabinet,Furniture,59,19140,Reorder Required,ORD-MAR26-20260209-SKU-F006,Forecast_Model,10,21,0.98,2.4,0.8,3.36,53.76,1,4.17
2026-03-09,SKU-F007,Footrest Ergonomic,Furniture,154,51680,Reorder Required,ORD-MAR26-20260209-SKU-F007,Forecast_Model,9,14,0.9,5.2,1.5,7.35,80.15,1,1.73
2026-03-09,SKU-F008,Desk Mat Large,Furniture,215,76300,Reorder Required,ORD-MAR26-20260209-SKU-F008,Forecast_Model,6,10,0.9,12.11,3.4,12.29,133.39,1,0.5
2026-03-09,SKU-O001,Scissors Office,Office Supplies,208,67800,Reorder Required,ORD-MAR26-20260209-SKU-O001,Forecast_Model,0,7,0.85,17.88,4.4,6.43,131.59,1,0.0
2026-03-09,SKU-O002,Tape Dispenser,Office Supplies,317,87450,Reorder Required,ORD-MAR26-20260209-SKU-O002,Forecast_Model,0,7,0.85,20.48,5.0,7.31,150.67,1,0.0
2026-03-09,SKU-O003,Paper Clips Box,Office Supplies,423,161120,Reorder Required,ORD-MAR26-20260209-SKU-O003,Forecast_Model,0,5,0.85,35.13,8.9,13.01,189.66,1,0.0
2026-03-09,SKU-O004,Rubber Bands,Office Supplies,296,93500,Reorder Required,ORD-MAR26-20260209-SKU-O004,Forecast_Model,0,5,0.85,29.33,7.1,10.38,157.03,1,0.0
2026-03-10,SKU-E001,Wireless Mouse Optical,Electronics,257,69300,Reorder Required,ORD-MAR26-20260210-SKU-E001,Forecast_Model,17,7,0.95,17.8,4.2,11.54,136.14,1,0.95
2026-03-10,SKU-E002,USB Cable Type-C 1m,Electronics,303,94230,Reorder Required,ORD-MAR26-20260210-SKU-E002,Forecast_Model,0,5,0.9,27.89,6.1,11.04,150.49,1,0.0
2026-03-10,SKU-E003,Mechanical Keyboard RGB,Electronics,0,0,Forecasted,,Forecast_Model,25,10,0.95,13.34,3.8,19.76,153.16,0,1.87
2026-03-10,SKU-E004,HDMI Cable 2m 4K,Electronics,250,76050,Reorder Required,ORD-MAR26-20260210-SKU-E004,Forecast_Model,0,5,0.9,20.77,5.1,8.73,112.58,1,0.0
2026-03-10,SKU-E005,Webcam HD 1080p,Electronics,242,87480,Reorder Required,ORD-MAR26-20260210-SKU-E005,Forecast_Model,9,10,0.95,10.78,2.7,14.04,121.84,1,0.83
2026-03-10,SKU-E006,USB Hub 4-Port,Electronics,206,52992,Reorder Required,ORD-MAR26-20260210-SKU-E006,Forecast_Model,0,7,0.9,12.22,3.2,11.58,97.12,1,0.0
2026-03-10,SKU-E007,Power Strip 6-Outlet,Electronics,256,84400,Reorder Required,ORD-MAR26-20260210-SKU-E007,Forecast_Model,0,7,0.9,15.59,3.9,14.1,123.23,1,0.0
2026-03-10,SKU-E008,Bluetooth Speaker,Electronics,182,62370,Reorder Required,ORD-MAR26-20260210-SKU-E008,Forecast_Model,0,12,0.95,9.37,2.5,14.22,126.66,1,0.0
2026-03-10,SKU-E009,Phone Charger Fast,Electronics,364,154050,Reorder Required,ORD-MAR26-20260210-SKU-E009,Forecast_Model,0,5,0.9,26.29,6.8,12.31,143.76,1,0.0
2026-03-10,SKU-E010,Laptop Cooling Pad,Electronics,215,78050,Reorder Required,ORD-MAR26-20260210-SKU-E010,Forecast_Model,5,14,0.95,7.68,2.0,10.39,117.91,1,0.65
2026-03-10,SKU-S001,Notebook A4 Ruled,Stationery,733,266960,Reorder Required,ORD-MAR26-20260210-SKU-S001,Forecast_Model,0,10,0.95,35.37,8.5,44.21,398.08,1,0.0
2026-03-10,SKU-S002,Printer Paper A4,Stationery,648,253710,Reorder Required,ORD-MAR26-20260210-SKU-S002,Forecast_Model,0,7,0.9,50.34,12.3,44.53,396.91,1,0.0
2026-03-10,SKU-S003,Sticky Notes Pack,Stationery,341,103680,Reorder Required,ORD-MAR26-20260210-SKU-S003,Forecast_Model,0,5,0.85,32.54,7.2,10.53,173.23,1,0.0
2026-03-10,SKU-S004,Whiteboard Markers,Stationery,501,174710,Reorder Required,ORD-MAR26-20260210-SKU-S004,Forecast_Model,0,7,0.9,39.09,9.4,33.95,307.58,1,0.0
2026-03-10,SKU-S005,Stapler Heavy Duty,Stationery,136,61740,Reorder Required,ORD-MAR26-20260210-SKU-S005,Forecast_Model,0,5,0.85,16.34,3.6,5.26,87.96,1,0.0
2026-03-10,SKU-S006,Binder Clips,Stationery,493,173600,Reorder Required,ORD-MAR26-20260210-SKU-S006,Forecast_Model,0,5,0.85,46.55,11.2,16.37,249.12,1,0.0
2026-03-10,SKU-S007,Correction Tape,Stationery,238,60500,Reorder Required,ORD-MAR26-20260210-SKU-S007,Forecast_Model,0,5,0.85,28.0,6.5,9.51,149.51,1,0.0
2026-03-10,SKU-S008,Pen Set Ballpoint,Stationery,646,186550,Reorder Required,ORD-MAR26-20260210-SKU-S008,Forecast_Model,0,7,0.9,42.56,10.1,36.51,334.43,1,0.0
2026-03-10,SKU-S009,Highlighter Set,Stationery,208,68015,Reorder Required,ORD-MAR26-20260210-SKU-S009,Forecast_Model,0,5,0.85,22.39,5.3,7.75,119.7,1,0.0
2026-03-10,SKU-S010,File Folders Letter,Stationery,453,245610,Reorder Required,ORD-MAR26-20260210-SKU-S010,Forecast_Model,0,10,0.9,30.97,7.6,27.48,337.18,1,0.0
2026-03-10,SKU-S011,Index Cards 3x5,Stationery,229,61190,Reorder Required,ORD-MAR26-20260210-SKU-S011,Forecast_Model,0,5,0.85,24.11,5.8,8.48,129.03,1,0.0
2026-03-10,SKU-F001,Desk Lamp LED,Furniture,250,77350,Reorder Required,ORD-MAR26-20260210-SKU-F001,Forecast_Model,3,14,0.95,9.79,2.3,14.15,151.21,1,0.31
2026-03-10,SKU-F002,Office Chair,Furniture,157,37800,Reorder Required,ORD-MAR26-20260210-SKU-F002,Forecast_Model,9,21,0.98,3.75,1.1,4.62,83.37,1,2.4
2026-03-10,SKU-F003,Monitor Stand,Furniture,198,65130,Reorder Required,ORD-MAR26-20260210-SKU-F003,Forecast_Model,2,12,0.95,7.37,1.9,10.76,99.2,1,0.27
2026-03-10,SKU-F004,Desk Organizer,Furniture,168,54570,Reorder Required,ORD-MAR26-20260210-SKU-F004,Forecast_Model,0,10,0.9,8.48,2.1,7.59,92.39,1,0.0
2026-03-10,SKU-F005,Laptop Stand,Furniture,201,57330,Reorder Required,ORD-MAR26-20260210-SKU-F005,Forecast_Model,6,14,0.95,6.21,1.6,9.84,95.78,1,0.97
2026-03-10,SKU-F006,Filing Cabinet,Furniture,65,24360,Reorder Required,ORD-MAR26-20260210-SKU-F006,Forecast_Model,8,21,0.98,2.46,0.8,3.36,55.02,1,3.25
2026-03-10,SKU-F007,Footrest Ergonomic,Furniture,134,55480,Reorder Required,ORD-MAR26-20260210-SKU-F007,Forecast_Model,4,14,0.9,5.34,1.5,7.35,82.11,1,0.75
2026-03-10,SKU-F008,Desk Mat Large,Furniture,248,76650,Reorder Required,ORD-MAR26-20260210-SKU-F008,Forecast_Model,0,10,0.9,12.42,3.4,12.29,136.49,1,0.0
2026-03-10,SKU-O001,Scissors Office,Office Supplies,254,79800,Reorder Required,ORD-MAR26-20260210-SKU-O001,Forecast_Model,0,7,0.85,18.3,4.4,6.43,134.53,1,0.0
2026-03-10,SKU-O002,Tape Dispenser,Office Supplies,264,85440,Reorder Required,ORD-MAR26-20260210-SKU-O002,Forecast_Model,0,7,0.85,20.96,5.0,7.31,154.03,1,0.0
2026-03-10,SKU-O003,Paper Clips Box,Office Supplies,510,153360,Reorder Required,ORD-MAR26-20260210-SKU-O003,Forecast_Model,0,5,0.85,35.92,8.9,13.01,192.61,1,0.0
2026-03-10,SKU-O004,Rubber Bands,Office Supplies,298,83100,Reorder Required,ORD-MAR26-20260210-SKU-O004,Forecast_Model,0,5,0.85,30.13,7.1,10.38,160.03,1,0.0
2026-03-11,SKU-E001,Wireless Mouse Optical,Electronics,226,73260,Reorder Required,ORD-MAR26-20260211-SKU-E001,Forecast_Model,0,7,0.95,17.58,4.2,11.54,134.6,1,0.0
2026-03-11,SKU-E002,USB Cable Type-C 1m,Electronics,323,95310,Reorder Required,ORD-MAR26-20260211-SKU-E002,Forecast_Model,0,5,0.9,27.54,6.1,11.04,148.74,1,0.0
2026-03-11,SKU-E003,Mechanical Keyboard RGB,Electronics,218,88380,Reorder Required,ORD-MAR26-20260211-SKU-E003,Forecast_Model,12,10,0.95,13.17,3.8,19.76,151.46,1,0.91
2026-03-11,SKU-E004,HDMI Cable 2m 4K,Electronics,270,71100,Reorder Required,ORD-MAR26-20260211-SKU-E004,Forecast_Model,0,5,0.9,20.49,5.1,8.73,111.18,1,0.0
2026-03-11,SKU-E005,Webcam HD 1080p,Electronics,261,71940,Reorder Required,ORD-MAR26-20260211-SKU-E005,Forecast_Model,0,10,0.95,10.65,2.7,14.04,120.54,1,0.0
2026-03-11,SKU-E006,USB Hub 4-Port,Electronics,179,54250,Reorder Required,ORD-MAR26-20260211-SKU-E006,Forecast_Model,0,7,0.9,12.06,3.2,11.58,95.98,1,0.0
2026-03-11,SKU-E007,Power Strip 6-Outlet,Electronics,235,66030,Reorder Required,ORD-MAR26-20260211-SKU-E007,Forecast_Model,0,7,0.9,15.39,3.9,14.1,121.83,1,0.0
2026-03-11,SKU-E008,Bluetooth Speaker,Electronics,156,65740,Reorder Required,ORD-MAR26-20260211-SKU-E008,Forecast_Model,0,12,0.95,9.31,2.5,14.22,126.0,1,0.0
2026-03-11,SKU-E009,Phone Charger Fast,Electronics,429,174680,Reorder Required,ORD-MAR26-20260211-SKU-E009,Forecast_Model,0,5,0.9,26.44,6.8,12.31,144.51,1,0.0
2026-03-11,SKU-E010,Laptop Cooling Pad,Electronics,204,74250,Reorder Required,ORD-MAR26-20260211-SKU-E010,Forecast_Model,0,14,0.95,7.61,2.0,10.39,116.93,1,0.0
2026-03-11,SKU-S001,Notebook A4 Ruled,Stationery,691,265440,Reorder Required,ORD-MAR26-20260211-SKU-S001,Forecast_Model,0,10,0.95,34.84,8.5,44.21,392.58,1,0.0
2026-03-11,SKU-S002,Printer Paper A4,Stationery,617,255870,Reorder Required,ORD-MAR26-20260211-SKU-S002,Forecast_Model,0,7,0.9,49.64,12.3,44.53,391.01,1,0.0
2026-03-11,SKU-S003,Sticky Notes Pack,Stationery,301,102060,Reorder Required,ORD-MAR26-20260211-SKU-S003,Forecast_Model,0,5,0.85,32.1,7.2,10.53,170.53,1,0.0
2026-03-11,SKU-S004,Whiteboard Markers,Stationery,429,205110,Reorder Required,ORD-MAR26-20260211-SKU-S004,Forecast_Model,0,7,0.9,38.5,9.4,33.95,304.45,1,0.0
2026-03-11,SKU-S005,Stapler Heavy Duty,Stationery,130,56620,Reorder Required,ORD-MAR26-20260211-SKU-S005,Forecast_Model,0,5,0.85,16.13,3.6,5.26,86.91,1,0.0
2026-03-11,SKU-S006,Binder Clips,Stationery,520,165990,Reorder Required,ORD-MAR26-20260211-SKU-S006,Forecast_Model,0,5,0.85,45.91,11.2,16.37,245.92,1,0.0
2026-03-11,SKU-S007,Correction Tape,Stationery,259,85750,Reorder Required,ORD-MAR26-20260211-SKU-S007,Forecast_Model,0,5,0.85,27.64,6.5,9.51,147.71,1,0.0
2026-03-11,SKU-S008,Pen Set Ballpoint,Stationery,577,214400,Reorder Required,ORD-MAR26-20260211-SKU-S008,Forecast_Model,0,7,0.9,41.93,10.1,36.51,329.99,1,0.0
2026-03-11,SKU-S009,Highlighter Set,Stationery,266,67980,Reorder Required,ORD-MAR26-20260211-SKU-S009,Forecast_Model,0,5,0.85,22.12,5.3,7.75,118.35,1,0.0
2026-03-11,SKU-S010,File Folders Letter,Stationery,622,214800,Reorder Required,ORD-MAR26-20260211-SKU-S010,Forecast_Model,0,10,0.9,30.65,7.6,27.48,333.98,1,0.0
2026-03-11,SKU-S011,Index Cards 3x5,Stationery,226,64200,Reorder Required,ORD-MAR26-20260211-SKU-S011,Forecast_Model,0,5,0.85,23.82,5.8,8.48,127.63,1,0.0
2026-03-11,SKU-F001,Desk Lamp LED,Furniture,283,92430,Reorder Required,ORD-MAR26-20260211-SKU-F001,Forecast_Model,0,14,0.95,9.65,2.3,14.15,149.25,1,0.0
2026-03-11,SKU-F002,Office Chair,Furniture,130,38862,Reorder Required,ORD-MAR26-20260211-SKU-F002,Forecast_Model,6,21,0.98,3.7,1.1,4.62,82.32,1,1.62
2026-03-11,SKU-F003,Monitor Stand,Furniture,191,50700,Reorder Required,ORD-MAR26-20260211-SKU-F003,Forecast_Model,0,12,0.95,7.27,1.9,10.76,97.96,1,0.0
2026-03-11,SKU-F004,Desk Organizer,Furniture,184,68825,Reorder Required,ORD-MAR26-20260211-SKU-F004,Forecast_Model,0,10,0.9,8.36,2.1,7.59,91.19,1,0.0
2026-03-11,SKU-F005,Laptop Stand,Furniture,180,65740,Reorder Required,ORD-MAR26-20260211-SKU-F005,Forecast_Model,0,14,0.95,6.13,1.6,9.84,95.66,1,0.0
2026-03-11,SKU-F006,Filing Cabinet,Furniture,59,18850,Reorder Required,ORD-MAR26-20260211-SKU-F006,Forecast_Model,6,21,0.98,2.43,0.8,3.36,54.39,1,2.47
2026-03-11,SKU-F007,Footrest Ergonomic,Furniture,144,48650,Reorder Required,ORD-MAR26-20260211-SKU-F007,Forecast_Model,0,14,0.9,5.25,1.5,7.35,80.85,1,0.0
2026-03-11,SKU-F008,Desk Mat Large,Furniture,233,77350,Reorder Required,ORD-MAR26-20260211-SKU-F008,Forecast_Model,0,10,0.9,12.36,3.4,12.29,135.89,1,0.0
2026-03-11,SKU-O001,Scissors Office,Office Supplies,283,82800,Reorder Required,ORD-MAR26-20260211-SKU-O001,Forecast_Model,0,7,0.85,18.12,4.4,6.43,133.27,1,0.0
2026-03-11,SKU-O002,Tape Dispenser,Office Supplies,268,86080,Reorder Required,ORD-MAR26-20260211-SKU-O002,Forecast_Model,0,7,0.85,20.73,5.0,7.31,152.42,1,0.0
2026-03-11,SKU-O003,Paper Clips Box,Office Supplies,468,150150,Reorder Required,ORD-MAR26-20260211-SKU-O003,Forecast_Model,0,5,0.85,35.5,8.9,13.01,190.51,1,0.0
2026-03-11,SKU-O004,Rubber Bands,Office Supplies,256,97650,Reorder Required,ORD-MAR26-20260211-SKU-O004,Forecast_Model,0,5,0.85,29.76,7.1,10.38,159.18,1,0.0
2026-03-12,SKU-E001,Wireless Mouse Optical,Electronics,237,72576,Reorder Required,ORD-MAR26-20260212-SKU-E001,Forecast_Model,0,7,0.95,17.39,4.2,11.54,133.27,1,0.0
2026-03-12,SKU-E002,USB Cable Type-C 1m,Electronics,288,98700,Reorder Required,ORD-MAR26-20260212-SKU-E002,Forecast_Model,0,5,0.9,27.22,6.1,11.04,147.14,1,0.0
2026-03-12,SKU-E003,Mechanical Keyboard RGB,Electronics,319,80990,Reorder Required,ORD-MAR26-20260212-SKU-E003,Forecast_Model,0,10,0.95,13.03,3.8,19.76,150.06,1,0.0
2026-03-12,SKU-E004,HDMI Cable 2m 4K,Electronics,263,64800,Reorder Required,ORD-MAR26-20260212-SKU-E004,Forecast_Model,0,5,0.9,20.23,5.1,8.73,109.88,1,0.0
2026-03-12,SKU-E005,Webcam HD 1080p,Electronics,214,73260,Reorder Required,ORD-MAR26-20260212-SKU-E005,Forecast_Model,0,10,0.95,10.52,2.7,14.04,119.24,1,0.0
2026-03-12,SKU-E006,USB Hub 4-Port,Electronics,222,55770,Reorder Required,ORD-MAR26-20260212-SKU-E006,Forecast_Model,0,7,0.9,11.91,3.2,11.58,94.75,1,0.0
2026-03-12,SKU-E007,Power Strip 6-Outlet,Electronics,239,75250,Reorder Required,ORD-MAR26-20260212-SKU-E007,Forecast_Model,0,7,0.9,15.19,3.9,14.1,120.43,1,0.0
2026-03-12,SKU-E008,Bluetooth Speaker,Electronics,165,61085,Reorder Required,ORD-MAR26-20260212-SKU-E008,Forecast_Model,0,12,0.95,9.23,2.5,14.22,125.0,1,0.0
2026-03-12,SKU-E009,Phone Charger Fast,Electronics,438,155610,Reorder Required,ORD-MAR26-20260212-SKU-E009,Forecast_Model,0,5,0.9,26.07,6.8,12.31,141.66,1,0.0
2026-03-12,SKU-E010,Laptop Cooling Pad,Electronics,253,79450,Reorder Required,ORD-MAR26-20260212-SKU-E010,Forecast_Model,0,14,0.95,7.53,2.0,10.39,115.81,1,0.0
2026-03-12,SKU-S001,Notebook A4 Ruled,Stationery,735,292440,Reorder Required,ORD-MAR26-20260212-SKU-S001,Forecast_Model,0,10,0.95,34.38,8.5,44.21,387.98,1,0.0
2026-03-12,SKU-S002,Printer Paper A4,Stationery,783,262800,Reorder Required,ORD-MAR26-20260212-SKU-S002,Forecast_Model,0,7,0.9,49.03,12.3,44.53,386.74,1,0.0
2026-03-12,SKU-S003,Sticky Notes Pack,Stationery,301,132300,Reorder Required,ORD-MAR26-20260212-SKU-S003,Forecast_Model,0,5,0.85,31.69,7.2,10.53,168.98,1,0.0
2026-03-12,SKU-S004,Whiteboard Markers,Stationery,478,192400,Reorder Required,ORD-MAR26-20260212-SKU-S004,Forecast_Model,0,7,0.9,37.95,9.4,33.95,300.6,1,0.0
2026-03-12,SKU-S005,Stapler Heavy Duty,Stationery,161,56622,Reorder Required,ORD-MAR26-20260212-SKU-S005,Forecast_Model,0,5,0.85,15.93,3.6,5.26,85.91,1,0.0
2026-03-12,SKU-S006,Binder Clips,Stationery,480,165375,Reorder Required,ORD-MAR26-20260212-SKU-S006,Forecast_Model,0,5,0.85,45.32,11.2,16.37,243.17,1,0.0
2026-03-12,SKU-S007,Correction Tape,Stationery,295,86800,Reorder Required,ORD-MAR26-20260212-SKU-S007,Forecast_Model,0,5,0.85,27.32,6.5,9.51,146.11,1,0.0
2026-03-12,SKU-S008,Pen Set Ballpoint,Stationery,473,188650,Reorder Required,ORD-MAR26-20260212-SKU-S008,Forecast_Model,0,7,0.9,41.33,10.1,36.51,325.82,1,0.0
2026-03-12,SKU-S009,Highlighter Set,Stationery,230,64480,Reorder Required,ORD-MAR26-20260212-SKU-S009,Forecast_Model,0,5,0.85,21.87,5.3,7.75,117.1,1,0.0
2026-03-12,SKU-S010,File Folders Letter,Stationery,651,216000,Reorder Required,ORD-MAR26-20260212-SKU-S010,Forecast_Model,0,10,0.9,30.35,7.6,27.48,331.0,1,0.0
2026-03-12,SKU-S011,Index Cards 3x5,Stationery,217,75600,Reorder Required,ORD-MAR26-20260212-SKU-S011,Forecast_Model,0,5,0.85,23.55,5.8,8.48,126.23,1,0.0
2026-03-12,SKU-F001,Desk Lamp LED,Furniture,274,86040,Reorder Required,ORD-MAR26-20260212-SKU-F001,Forecast_Model,0,14,0.95,9.53,2.3,14.15,147.57,1,0.0
2026-03-12,SKU-F002,Office Chair,Furniture,142,42240,Reorder Required,ORD-MAR26-20260212-SKU-F002,Forecast_Model,2,21,0.98,3.65,1.1,4.62,81.3,1,0.55
2026-03-12,SKU-F003,Monitor Stand,Furniture,197,51300,Reorder Required,ORD-MAR26-20260212-SKU-F003,Forecast_Model,0,12,0.95,7.17,1.9,10.76,96.76,1,0.0
2026-03-12,SKU-F004,Desk Organizer,Furniture,189,61125,Reorder Required,ORD-MAR26-20260212-SKU-F004,Forecast_Model,0,10,0.9,8.25,2.1,7.59,89.89,1,0.0
2026-03-12,SKU-F005,Laptop Stand,Furniture,197,61250,Reorder Required,ORD-MAR26-20260212-SKU-F005,Forecast_Model,0,14,0.95,6.05,1.6,9.84,94.54,1,0.0
2026-03-12,SKU-F006,Filing Cabinet,Furniture,62,24360,Reorder Required,ORD-MAR26-20260212-SKU-F006,Forecast_Model,4,21,0.98,2.39,0.8,3.36,53.55,1,1.67
2026-03-12,SKU-F007,Footrest Ergonomic,Furniture,138,47600,Reorder Required,ORD-MAR26-20260212-SKU-F007,Forecast_Model,0,14,0.9,5.16,1.5,7.35,79.59,1,0.0
2026-03-12,SKU-F008,Desk Mat Large,Furniture,259,66900,Reorder Required,ORD-MAR26-20260212-SKU-F008,Forecast_Model,0,10,0.9,12.15,3.4,12.29,133.79,1,0.0
2026-03-12,SKU-O001,Scissors Office,Office Supplies,227,78880,Reorder Required,ORD-MAR26-20260212-SKU-O001,Forecast_Model,0,7,0.85,17.93,4.4,6.43,131.94,1,0.0
2026-03-12,SKU-O002,Tape Dispenser,Office Supplies,267,95200,Reorder Required,ORD-MAR26-20260212-SKU-O002,Forecast_Model,0,7,0.85,20.52,5.0,7.31,150.95,1,0.0
2026-03-12,SKU-O003,Paper Clips Box,Office Supplies,403,146540,Reorder Required,ORD-MAR26-20260212-SKU-O003,Forecast_Model,0,5,0.85,35.1,8.9,13.01,188.51,1,0.0
2026-03-12,SKU-O004,Rubber Bands,Office Supplies,231,87110,Reorder Required,ORD-MAR26-20260212-SKU-O004,Forecast_Model,0,5,0.85,29.42,7.1,10.38,157.48,1,0.0
2026-03-13,SKU-E001,Wireless Mouse Optical,Electronics,253,79100,Reorder Required,ORD-MAR26-20260213-SKU-E001,Forecast_Model,0,7,0.95,17.21,4.2,11.54,131.97,1,0.0
2026-03-13,SKU-E002,USB Cable Type-C 1m,Electronics,318,94050,Reorder Required,ORD-MAR26-20260213-SKU-E002,Forecast_Model,0,5,0.9,26.91,6.1,11.04,145.59,1,0.0
2026-03-13,SKU-E003,Mechanical Keyboard RGB,Electronics,333,76470,Reorder Required,ORD-MAR26-20260213-SKU-E003,Forecast_Model,0,10,0.95,12.89,3.8,19.76,148.66,1,0.0
2026-03-13,SKU-E004,HDMI Cable 2m 4K,Electronics,265,85050,Reorder Required,ORD-MAR26-20260213-SKU-E004,Forecast_Model,0,5,0.9,19.97,5.1,8.73,108.58,1,0.0
2026-03-13,SKU-E005,Webcam HD 1080p,Electronics,220,92400,Reorder Required,ORD-MAR26-20260213-SKU-E005,Forecast_Model,0,10,0.95,10.4,2.7,14.04,118.04,1,0.0
2026-03-13,SKU-E006,USB Hub 4-Port,Electronics,216,57280,Reorder Required,ORD-MAR26-20260213-SKU-E006,Forecast_Model,0,7,0.9,11.77,3.2,11.58,93.97,1,0.0
2026-03-13,SKU-E007,Power Strip 6-Outlet,Electronics,238,84630,Reorder Required,ORD-MAR26-20260213-SKU-E007,Forecast_Model,0,7,0.9,15.0,3.9,14.1,119.1,1,0.0
2026-03-13,SKU-E008,Bluetooth Speaker,Electronics,180,65970,Reorder Required,ORD-MAR26-20260213-SKU-E008,Forecast_Model,0,12,0.95,9.15,2.5,14.22,124.0,1,0.0
2026-03-13,SKU-E009,Phone Charger Fast,Electronics,365,144360,Reorder Required,ORD-MAR26-20260213-SKU-E009,Forecast_Model,0,5,0.9,25.72,6.8,12.31,140.91,1,0.0
2026-03-13,SKU-E010,Laptop Cooling Pad,Electronics,226,84710,Reorder Required,ORD-MAR26-20260213-SKU-E010,Forecast_Model,0,14,0.95,7.45,2.0,10.39,114.69,1,0.0
2026-03-13,SKU-S001,Notebook A4 Ruled,Stationery,632,249600,Reorder Required,ORD-MAR26-20260213-SKU-S001,Forecast_Model,0,10,0.95,33.96,8.5,44.21,383.78,1,0.0
2026-03-13,SKU-S002,Printer Paper A4,Stationery,676,257590,Reorder Required,ORD-MAR26-20260213-SKU-S002,Forecast_Model,0,7,0.9,48.45,12.3,44.53,382.58,1,0.0
2026-03-13,SKU-S003,Sticky Notes Pack,Stationery,284,110220,Reorder Required,ORD-MAR26-20260213-SKU-S003,Forecast_Model,0,5,0.85,31.32,7.2,10.53,167.13,1,0.0
2026-03-13,SKU-S004,Whiteboard Markers,Stationery,557,203700,Reorder Required,ORD-MAR26-20260213-SKU-S004,Forecast_Model,0,7,0.9,37.43,9.4,33.95,296.96,1,0.0
2026-03-13,SKU-S005,Stapler Heavy Duty,Stationery,162,62730,Reorder Required,ORD-MAR26-20260213-SKU-S005,Forecast_Model,0,5,0.85,15.74,3.6,5.26,84.96,1,0.0
2026-03-13,SKU-S006,Binder Clips,Stationery,493,151300,Reorder Required,ORD-MAR26-20260213-SKU-S006,Forecast_Model,0,5,0.85,44.76,11.2,16.37,240.17,1,0.0
2026-03-13,SKU-S007,Correction Tape,Stationery,292,75300,Reorder Required,ORD-MAR26-20260213-SKU-S007,Forecast_Model,0,5,0.85,27.0,6.5,9.51,144.51,1,0.0
2026-03-13,SKU-S008,Pen Set Ballpoint,Stationery,629,184260,Reorder Required,ORD-MAR26-20260213-SKU-S008,Forecast_Model,0,7,0.9,40.77,10.1,36.51,321.9,1,0.0
2026-03-13,SKU-S009,Highlighter Set,Stationery,193,73850,Reorder Required,ORD-MAR26-20260213-SKU-S009,Forecast_Model,0,5,0.85,21.62,5.3,7.75,115.85,1,0.0
2026-03-13,SKU-S010,File Folders Letter,Stationery,481,206340,Reorder Required,ORD-MAR26-20260213-SKU-S010,Forecast_Model,0,10,0.9,30.06,7.6,27.48,328.18,1,0.0
2026-03-13,SKU-S011,Index Cards 3x5,Stationery,247,76650,Reorder Required,ORD-MAR26-20260213-SKU-S011,Forecast_Model,0,5,0.85,23.29,5.8,8.48,124.93,1,0.0
2026-03-13,SKU-F001,Desk Lamp LED,Furniture,240,96400,Reorder Required,ORD-MAR26-20260213-SKU-F001,Forecast_Model,0,14,0.95,9.41,2.3,14.15,146.08,1,0.0
2026-03-13,SKU-F002,Office Chair,Furniture,139,46440,Reorder Required,ORD-MAR26-20260213-SKU-F002,Forecast_Model,0,21,0.98,3.6,1.1,4.62,80.16,1,0.0
2026-03-13,SKU-F003,Monitor Stand,Furniture,193,51300,Reorder Required,ORD-MAR26-20260213-SKU-F003,Forecast_Model,0,12,0.95,7.08,1.9,10.76,95.56,1,0.0
2026-03-13,SKU-F004,Desk Organizer,Furniture,178,54450,Reorder Required,ORD-MAR26-20260213-SKU-F004,Forecast_Model,0,10,0.9,8.15,2.1,7.59,89.09,1,0.0
2026-03-13,SKU-F005,Laptop Stand,Furniture,215,62475,Reorder Required,ORD-MAR26-20260213-SKU-F005,Forecast_Model,0,14,0.95,5.98,1.6,9.84,93.66,1,0.0
2026-03-13,SKU-F006,Filing Cabinet,Furniture,59,21170,Reorder Required,ORD-MAR26-20260213-SKU-F006,Forecast_Model,2,21,0.98,2.36,0.8,3.36,52.92,1,0.85
2026-03-13,SKU-F007,Footrest Ergonomic,Furniture,147,56800,Reorder Required,ORD-MAR26-20260213-SKU-F007,Forecast_Model,0,14,0.9,5.09,1.5,7.35,78.61,1,0.0
2026-03-13,SKU-F008,Desk Mat Large,Furniture,279,85500,Reorder Required,ORD-MAR26-20260213-SKU-F008,Forecast_Model,0,10,0.9,11.94,3.4,12.29,131.69,1,0.0
2026-03-13,SKU-O001,Scissors Office,Office Supplies,296,77220,Reorder Required,ORD-MAR26-20260213-SKU-O001,Forecast_Model,0,7,0.85,17.75,4.4,6.43,130.68,1,0.0
2026-03-13,SKU-O002,Tape Dispenser,Office Supplies,299,98280,Reorder Required,ORD-MAR26-20260213-SKU-O002,Forecast_Model,0,7,0.85,20.32,5.0,7.31,149.55,1,0.0
2026-03-13,SKU-O003,Paper Clips Box,Office Supplies,446,138560,Reorder Required,ORD-MAR26-20260213-SKU-O003,Forecast_Model,0,5,0.85,34.71,8.9,13.01,186.56,1,0.0
2026-03-13,SKU-O004,Rubber Bands,Office Supplies,323,93390,Reorder Required,ORD-MAR26-20260213-SKU-O004,Forecast_Model,0,5,0.85,29.1,7.1,10.38,155.88,1,0.0
2026-03-14,SKU-E001,Wireless Mouse Optical,Electronics,276,68400,Reorder Required,ORD-MAR26-20260214-SKU-E001,Forecast_Model,0,7,0.95,17.04,4.2,11.54,130.82,1,0.0
2026-03-14,SKU-E002,USB Cable Type-C 1m,Electronics,299,80640,Reorder Required,ORD-MAR26-20260214-SKU-E002,Forecast_Model,0,5,0.9,26.61,6.1,11.04,144.09,1,0.0
2026-03-14,SKU-E003,Mechanical Keyboard RGB,Electronics,271,76950,Reorder Required,ORD-MAR26-20260214-SKU-E003,Forecast_Model,0,10,0.95,12.75,3.8,19.76,147.26,0,0.0
2026-03-14,SKU-E004,HDMI Cable 2m 4K,Electronics,240,81180,Reorder Required,ORD-MAR26-20260214-SKU-E004,Forecast_Model,0,5,0.9,19.73,5.1,8.73,107.28,1,0.0
2026-03-14,SKU-E005,Webcam HD 1080p,Electronics,234,73260,Reorder Required,ORD-MAR26-20260214-SKU-E005,Forecast_Model,0,10,0.95,10.29,2.7,14.04,116.94,1,0.0
2026-03-14,SKU-E006,USB Hub 4-Port,Electronics,196,63350,Reorder Required,ORD-MAR26-20260214-SKU-E006,Forecast_Model,0,7,0.9,11.63,3.2,11.58,92.99,1,0.0
2026-03-14,SKU-E007,Power Strip 6-Outlet,Electronics,225,79380,Reorder Required,ORD-MAR26-20260214-SKU-E007,Forecast_Model,0,7,0.9,14.82,3.9,14.1,117.84,1,0.0
2026-03-14,SKU-E008,Bluetooth Speaker,Electronics,166,66630,Reorder Required,ORD-MAR26-20260214-SKU-E008,Forecast_Model,0,12,0.95,9.07,2.5,14.22,123.06,1,0.0
2026-03-14,SKU-E009,Phone Charger Fast,Electronics,454,147098,Reorder Required,ORD-MAR26-20260214-SKU-E009,Forecast_Model,0,5,0.9,25.39,6.8,12.31,139.26,1,0.0
2026-03-14,SKU-E010,Laptop Cooling Pad,Electronics,271,73920,Reorder Required,ORD-MAR26-20260214-SKU-E010,Forecast_Model,0,14,0.95,7.38,2.0,10.39,113.71,1,0.0
2026-03-14,SKU-S001,Notebook A4 Ruled,Stationery,683,234760,Reorder Required,ORD-MAR26-20260214-SKU-S001,Forecast_Model,0,10,0.95,33.56,8.5,44.21,379.78,1,0.0
2026-03-14,SKU-S002,Printer Paper A4,Stationery,690,239400,Reorder Required,ORD-MAR26-20260214-SKU-S002,Forecast_Model,0,7,0.9,47.89,12.3,44.53,378.76,1,0.0
2026-03-14,SKU-S003,Sticky Notes Pack,Stationery,330,114000,Reorder Required,ORD-MAR26-20260214-SKU-S003,Forecast_Model,0,5,0.85,30.96,7.2,10.53,165.33,1,0.0
2026-03-14,SKU-S004,Whiteboard Markers,Stationery,476,195600,Reorder Required,ORD-MAR26-20260214-SKU-S004,Forecast_Model,0,7,0.9,36.93,9.4,33.95,293.46,1,0.0
2026-03-14,SKU-S005,Stapler Heavy Duty,Stationery,159,58650,Reorder Required,ORD-MAR26-20260214-SKU-S005,Forecast_Model,0,5,0.85,15.56,3.6,5.26,84.06,1,0.0
2026-03-14,SKU-S006,Binder Clips,Stationery,409,147840,Reorder Required,ORD-MAR26-20260214-SKU-S006,Forecast_Model,0,5,0.85,44.23,11.2,16.37,237.52,1,0.0
2026-03-14,SKU-S007,Correction Tape,Stationery,276,83820,Reorder Required,ORD-MAR26-20260214-SKU-S007,Forecast_Model,0,5,0.85,26.7,6.5,9.51,143.01,1,0.0
2026-03-14,SKU-S008,Pen Set Ballpoint,Stationery,627,207050,Reorder Required,ORD-MAR26-20260214-SKU-S008,Forecast_Model,0,7,0.9,40.24,10.1,36.51,318.19,1,0.0
2026-03-14,SKU-S009,Highlighter Set,Stationery,186,68160,Reorder Required,ORD-MAR26-20260214-SKU-S009,Forecast_Model,0,5,0.85,21.38,5.3,7.75,114.65,1,0.0
2026-03-14,SKU-S010,File Folders Letter,Stationery,610,201240,Reorder Required,ORD-MAR26-20260214-SKU-S010,Forecast_Model,0,10,0.9,29.78,7.6,27.48,325.28,1,0.0
2026-03-14,SKU-S011,Index Cards 3x5,Stationery,237,66300,Reorder Required,ORD-MAR26-20260214-SKU-S011,Forecast_Model,0,5,0.85,23.04,5.8,8.48,123.73,1,0.0
2026-03-14,SKU-F001,Desk Lamp LED,Furniture,247,89910,Reorder Required,ORD-MAR26-20260214-SKU-F001,Forecast_Model,0,14,0.95,9.3,2.3,14.15,144.35,1,0.0
2026-03-14,SKU-F002,Office Chair,Furniture,119,43550,Reorder Required,ORD-MAR26-20260214-SKU-F002,Forecast_Model,0,21,0.98,3.56,1.1,4.62,79.11,1,0.0
2026-03-14,SKU-F003,Monitor Stand,Furniture,166,61250,Reorder Required,ORD-MAR26-20260214-SKU-F003,Forecast_Model,0,12,0.95,7.0,1.9,10.76,94.76,1,0.0
2026-03-14,SKU-F004,Desk Organizer,Furniture,195,66800,Reorder Required,ORD-MAR26-20260214-SKU-F004,Forecast_Model,0,10,0.9,8.06,2.1,7.59,88.19,1,0.0
2026-03-14,SKU-F005,Laptop Stand,Furniture,163,66630,Reorder Required,ORD-MAR26-20260214-SKU-F005,Forecast_Model,0,14,0.95,5.91,1.6,9.84,92.48,1,0.0
2026-03-14,SKU-F006,Filing Cabinet,Furniture,65,21170,Reorder Required,ORD-MAR26-20260214-SKU-F006,Forecast_Model,0,21,0.98,2.33,0.8,3.36,52.29,1,0.0
2026-03-14,SKU-F007,Footrest Ergonomic,Furniture,156,52910,Reorder Required,ORD-MAR26-20260214-SKU-F007,Forecast_Model,0,14,0.9,5.01,1.5,7.35,77.49,1,0.0
2026-03-14,SKU-F008,Desk Mat Large,Furniture,208,90800,Reorder Required,ORD-MAR26-20260214-SKU-F008,Forecast_Model,0,10,0.9,11.73,3.4,12.29,129.59,1,0.0
2026-03-14,SKU-O001,Scissors Office,Office Supplies,273,89200,Reorder Required,ORD-MAR26-20260214-SKU-O001,Forecast_Model,0,7,0.85,17.58,4.4,6.43,129.49,1,0.0
2026-03-14,SKU-O002,Tape Dispenser,Office Supplies,267,93500,Reorder Required,ORD-MAR26-20260214-SKU-O002,Forecast_Model,0,7,0.85,20.14,5.0,7.31,148.29,1,0.0
2026-03-14,SKU-O003,Paper Clips Box,Office Supplies,468,148240,Reorder Required,ORD-MAR26-20260214-SKU-O003,Forecast_Model,0,5,0.85,34.34,8.9,13.01,184.71,1,0.0
2026-03-14,SKU-O004,Rubber Bands,Office Supplies,296,99750,Reorder Required,ORD-MAR26-20260214-SKU-O004,Forecast_Model,0,5,0.85,28.79,7.1,10.38,154.33,1,0.0
2026-03-15,SKU-E001,Wireless Mouse Optical,Electronics,256,76650,Reorder Required,ORD-MAR26-20260215-SKU-E001,Forecast_Model,0,7,0.95,16.89,4.2,11.54,129.77,1,0.0
2026-03-15,SKU-E002,USB Cable Type-C 1m,Electronics,323,87300,Reorder Required,ORD-MAR26-20260215-SKU-E002,Forecast_Model,0,5,0.9,26.33,6.1,11.04,142.69,1,0.0
2026-03-15,SKU-E003,Mechanical Keyboard RGB,Electronics,290,76950,Reorder Required,ORD-MAR26-20260215-SKU-E003,Forecast_Model,0,10,0.95,12.62,3.8,19.76,146.0,1,0.0
2026-03-15,SKU-E004,HDMI Cable 2m 4K,Electronics,277,89640,Reorder Required,ORD-MAR26-20260215-SKU-E004,Forecast_Model,0,5,0.9,19.5,5.1,8.73,106.03,1,0.0
2026-03-15,SKU-E005,Webcam HD 1080p,Electronics,229,81360,Reorder Required,ORD-MAR26-20260215-SKU-E005,Forecast_Model,0,10,0.95,10.18,2.7,14.04,115.84,1,0.0
2026-03-15,SKU-E006,USB Hub 4-Port,Electronics,214,68925,Reorder Required,ORD-MAR26-20260215-SKU-E006,Forecast_Model,0,7,0.9,11.5,3.2,11.58,92.08,1,0.0
2026-03-15,SKU-E007,Power Strip 6-Outlet,Electronics,220,64090,Reorder Required,ORD-MAR26-20260215-SKU-E007,Forecast_Model,0,7,0.9,14.65,3.9,14.1,116.65,1,0.0
2026-03-15,SKU-E008,Bluetooth Speaker,Electronics,189,65625,Reorder Required,ORD-MAR26-20260215-SKU-E008,Forecast_Model,0,12,0.95,9.0,2.5,14.22,122.22,1,0.0
2026-03-15,SKU-E009,Phone Charger Fast,Electronics,420,158355,Reorder Required,ORD-MAR26-20260215-SKU-E009,Forecast_Model,0,5,0.9,25.09,6.8,12.31,137.76,1,0.0
2026-03-15,SKU-E010,Laptop Cooling Pad,Electronics,302,93200,Reorder Required,ORD-MAR26-20260215-SKU-E010,Forecast_Model,0,14,0.95,7.31,2.0,10.39,112.73,1,0.0
2026-03-15,SKU-S001,Notebook A4 Ruled,Stationery,641,252720,Reorder Required,ORD-MAR26-20260215-SKU-S001,Forecast_Model,0,10,0.95,33.18,8.5,44.21,375.98,1,0.0
2026-03-15,SKU-S002,Printer Paper A4,Stationery,654,227460,Reorder Required,ORD-MAR26-20260215-SKU-S002,Forecast_Model,0,7,0.9,47.35,12.3,44.53,375.0,1,0.0
2026-03-15,SKU-S003,Sticky Notes Pack,Stationery,252,121200,Reorder Required,ORD-MAR26-20260215-SKU-S003,Forecast_Model,0,5,0.85,30.62,7.2,10.53,163.63,1,0.0
2026-03-15,SKU-S004,Whiteboard Markers,Stationery,507,182910,Reorder Required,ORD-MAR26-20260215-SKU-S004,Forecast_Model,0,7,0.9,36.45,9.4,33.95,290.1,1,0.0
2026-03-15,SKU-S005,Stapler Heavy Duty,Stationery,156,53380,Reorder Required,ORD-MAR26-20260215-SKU-S005,Forecast_Model,0,5,0.85,15.39,3.6,5.26,83.21,1,0.0
2026-03-15,SKU-S006,Binder Clips,Stationery,515,167440,Reorder Required,ORD-MAR26-20260215-SKU-S006,Forecast_Model,0,5,0.85,43.72,11.2,16.37,235.02,1,0.0
2026-03-15,SKU-S007,Correction Tape,Stationery,273,77100,Reorder Required,ORD-MAR26-20260215-SKU-S007,Forecast_Model,0,5,0.85,26.42,6.5,9.51,141.61,1,0.0
2026-03-15,SKU-S008,Pen Set Ballpoint,Stationery,623,186320,Reorder Required,ORD-MAR26-20260215-SKU-S008,Forecast_Model,0,7,0.9,39.73,10.1,36.51,314.62,1,0.0
2026-03-15,SKU-S009,Highlighter Set,Stationery,203,75600,Reorder Required,ORD-MAR26-20260215-SKU-S009,Forecast_Model,0,5,0.85,21.15,5.3,7.75,113.5,1,0.0
2026-03-15,SKU-S010,File Folders Letter,Stationery,512,219600,Reorder Required,ORD-MAR26-20260215-SKU-S010,Forecast_Model,0,10,0.9,29.52,7.6,27.48,322.68,1,0.0
2026-03-15,SKU-S011,Index Cards 3x5,Stationery,221,62720,Reorder Required,ORD-MAR26-20260215-SKU-S011,Forecast_Model,0,5,0.85,22.8,5.8,8.48,122.53,1,0.0
2026-03-15,SKU-F001,Desk Lamp LED,Furniture,198,86240,Reorder Required,ORD-MAR26-20260215-SKU-F001,Forecast_Model,0,14,0.95,9.2,2.3,14.15,142.95,1,0.0
2026-03-15,SKU-F002,Office Chair,Furniture,140,36540,Reorder Required,ORD-MAR26-20260215-SKU-F002,Forecast_Model,0,21,0.98,3.52,1.1,4.62,78.0,1,0.0
2026-03-15,SKU-F003,Monitor Stand,Furniture,172,61250,Reorder Required,ORD-MAR26-20260215-SKU-F003,Forecast_Model,0,12,0.95,6.92,1.9,10.76,93.76,1,0.0
2026-03-15,SKU-F004,Desk Organizer,Furniture,177,55770,Reorder Required,ORD-MAR26-20260215-SKU-F004,Forecast_Model,0,10,0.9,7.97,2.1,7.59,87.29,1,0.0
2026-03-15,SKU-F005,Laptop Stand,Furniture,181,63350,Reorder Required,ORD-MAR26-20260215-SKU-F005,Forecast_Model,0,14,0.95,5.85,1.6,9.84,91.84,1,0.0
2026-03-15,SKU-F006,Filing Cabinet,Furniture,67,19140,Reorder Required,ORD-MAR26-20260215-SKU-F006,Forecast_Model,0,21,0.98,2.3,0.8,3.36,51.45,1,0.0
2026-03-15,SKU-F007,Footrest Ergonomic,Furniture,159,53650,Reorder Required,ORD-MAR26-20260215-SKU-F007,Forecast_Model,0,14,0.9,4.94,1.5,7.35,76.51,1,0.0
2026-03-15,SKU-F008,Desk Mat Large,Furniture,205,91600,Reorder Required,ORD-MAR26-20260215-SKU-F008,Forecast_Model,0,10,0.9,11.53,3.4,12.29,127.59,1,0.0
2026-03-15,SKU-O001,Scissors Office,Office Supplies,253,83300,Reorder Required,ORD-MAR26-20260215-SKU-O001,Forecast_Model,0,7,0.85,17.42,4.4,6.43,128.43,1,0.0
2026-03-15,SKU-O002,Tape Dispenser,Office Supplies,251,94180,Reorder Required,ORD-MAR26-20260215-SKU-O002,Forecast_Model,0,7,0.85,19.97,5.0,7.31,147.1,1,0.0
2026-03-15,SKU-O003,Paper Clips Box,Office Supplies,502,140160,Reorder Required,ORD-MAR26-20260215-SKU-O003,Forecast_Model,0,5,0.85,33.98,8.9,13.01,183.01,1,0.0
2026-03-15,SKU-O004,Rubber Bands,Office Supplies,309,97580,Reorder Required,ORD-MAR26-20260215-SKU-O004,Forecast_Model,0,5,0.85,28.49,7.1,10.38,152.83,1,0.0
2026-03-16,SKU-E001,Wireless Mouse Optical,Electronics,266,74176,Reorder Required,ORD-MAR26-20260216-SKU-E001,Forecast_Model,0,7,0.95,16.93,4.2,11.54,130.05,1,0.0
2026-03-16,SKU-E002,USB Cable Type-C 1m,Electronics,242,82320,Reorder Required,ORD-MAR26-20260216-SKU-E002,Forecast_Model,0,5,0.9,26.4,6.1,11.04,143.04,1,0.0
2026-03-16,SKU-E003,Mechanical Keyboard RGB,Electronics,313,76440,Reorder Required,ORD-MAR26-20260216-SKU-E003,Forecast_Model,0,10,0.95,12.66,3.8,19.76,146.36,1,0.0
2026-03-16,SKU-E004,HDMI Cable 2m 4K,Electronics,293,85680,Reorder Required,ORD-MAR26-20260216-SKU-E004,Forecast_Model,0,5,0.9,19.55,5.1,8.73,106.28,1,0.0
2026-03-16,SKU-E005,Webcam HD 1080p,Electronics,243,77520,Reorder Required,ORD-MAR26-20260216-SKU-E005,Forecast_Model,0,10,0.95,10.21,2.7,14.04,116.14,1,0.0
2026-03-16,SKU-E006,USB Hub 4-Port,Electronics,154,68450,Reorder Required,ORD-MAR26-20260216-SKU-E006,Forecast_Model,0,7,0.9,11.52,3.2,11.58,92.22,1,0.0
2026-03-16,SKU-E007,Power Strip 6-Outlet,Electronics,212,73590,Reorder Required,ORD-MAR26-20260216-SKU-E007,Forecast_Model,0,7,0.9,14.68,3.9,14.1,116.86,1,0.0
2026-03-16,SKU-E008,Bluetooth Speaker,Electronics,185,58410,Reorder Required,ORD-MAR26-20260216-SKU-E008,Forecast_Model,0,12,0.95,8.94,2.5,14.22,121.5,1,0.0
2026-03-16,SKU-E009,Phone Charger Fast,Electronics,469,146520,Reorder Required,ORD-MAR26-20260216-SKU-E009,Forecast_Model,0,5,0.9,24.8,6.8,12.31,135.31,1,0.0
2026-03-16,SKU-E010,Laptop Cooling Pad,Electronics,272,82250,Reorder Required,ORD-MAR26-20260216-SKU-E010,Forecast_Model,0,14,0.95,7.25,2.0,10.39,111.89,1,0.0
2026-03-16,SKU-S001,Notebook A4 Ruled,Stationery,678,248760,Reorder Required,ORD-MAR26-20260216-SKU-S001,Forecast_Model,0,10,0.95,33.27,8.5,44.21,376.88,1,0.0
2026-03-16,SKU-S002,Printer Paper A4,Stationery,791,242280,Reorder Required,ORD-MAR26-20260216-SKU-S002,Forecast_Model,0,7,0.9,47.47,12.3,44.53,376.32,1,0.0
2026-03-16,SKU-S003,Sticky Notes Pack,Stationery,306,119340,Reorder Required,ORD-MAR26-20260216-SKU-S003,Forecast_Model,0,5,0.85,30.7,7.2,10.53,164.03,1,0.0
2026-03-16,SKU-S004,Whiteboard Markers,Stationery,556,199790,Reorder Required,ORD-MAR26-20260216-SKU-S004,Forecast_Model,0,7,0.9,36.53,9.4,33.95,290.66,1,0.0
2026-03-16,SKU-S005,Stapler Heavy Duty,Stationery,160,54060,Reorder Required,ORD-MAR26-20260216-SKU-S005,Forecast_Model,0,5,0.85,15.43,3.6,5.26,83.41,1,0.0
2026-03-16,SKU-S006,Binder Clips,Stationery,420,173280,Reorder Required,ORD-MAR26-20260216-SKU-S006,Forecast_Model,0,5,0.85,43.79,11.2,16.37,235.37,1,0.0
2026-03-16,SKU-S007,Correction Tape,Stationery,301,75400,Reorder Required,ORD-MAR26-20260216-SKU-S007,Forecast_Model,0,5,0.85,26.46,6.5,9.51,141.81,1,0.0
2026-03-16,SKU-S008,Pen Set Ballpoint,Stationery,685,209380,Reorder Required,ORD-MAR26-20260216-SKU-S008,Forecast_Model,0,7,0.9,39.24,10.1,36.51,311.19,1,0.0
2026-03-16,SKU-S009,Highlighter Set,Stationery,234,69760,Reorder Required,ORD-MAR26-20260216-SKU-S009,Forecast_Model,0,5,0.85,20.92,5.3,7.75,112.35,1,0.0
2026-03-16,SKU-S010,File Folders Letter,Stationery,537,193200,Reorder Required,ORD-MAR26-20260216-SKU-S010,Forecast_Model,0,10,0.9,29.28,7.6,27.48,320.28,1,0.0
2026-03-16,SKU-S011,Index Cards 3x5,Stationery,277,72320,Reorder Required,ORD-MAR26-20260216-SKU-S011,Forecast_Model,0,5,0.85,22.57,5.8,8.48,121.43,1,0.0
2026-03-16,SKU-F001,Desk Lamp LED,Furniture,269,93650,Reorder Required,ORD-MAR26-20260216-SKU-F001,Forecast_Model,0,14,0.95,9.23,2.3,14.15,143.37,1,0.0
2026-03-16,SKU-F002,Office Chair,Furniture,140,37224,Reorder Required,ORD-MAR26-20260216-SKU-F002,Forecast_Model,0,21,0.98,3.53,1.1,4.62,78.27,1,0.0
2026-03-16,SKU-F003,Monitor Stand,Furniture,155,62650,Reorder Required,ORD-MAR26-20260216-SKU-F003,Forecast_Model,0,12,0.95,6.94,1.9,10.76,93.96,1,0.0
2026-03-16,SKU-F004,Desk Organizer,Furniture,189,56430,Reorder Required,ORD-MAR26-20260216-SKU-F004,Forecast_Model,0,10,0.9,7.98,2.1,7.59,87.39,1,0.0
2026-03-16,SKU-F005,Laptop Stand,Furniture,177,59790,Reorder Required,ORD-MAR26-20260216-SKU-F005,Forecast_Model,0,14,0.95,5.86,1.6,9.84,91.98,1,0.0
2026-03-16,SKU-F006,Filing Cabinet,Furniture,68,21170,Reorder Required,ORD-MAR26-20260216-SKU-F006,Forecast_Model,0,21,0.98,2.31,0.8,3.36,51.66,1,0.0
2026-03-16,SKU-F007,Footrest Ergonomic,Furniture,173,54020,Reorder Required,ORD-MAR26-20260216-SKU-F007,Forecast_Model,0,14,0.9,4.96,1.5,7.35,76.79,1,0.0
2026-03-16,SKU-F008,Desk Mat Large,Furniture,234,73920,Reorder Required,ORD-MAR26-20260216-SKU-F008,Forecast_Model,0,10,0.9,11.63,3.4,12.29,128.59,1,0.0
2026-03-16,SKU-O001,Scissors Office,Office Supplies,289,74400,Reorder Required,ORD-MAR26-20260216-SKU-O001,Forecast_Model,0,7,0.85,17.51,4.4,6.43,129.0,1,0.0
2026-03-16,SKU-O002,Tape Dispenser,Office Supplies,316,89280,Reorder Required,ORD-MAR26-20260216-SKU-O002,Forecast_Model,0,7,0.85,20.07,5.0,7.31,147.8,1,0.0
2026-03-16,SKU-O003,Paper Clips Box,Office Supplies,489,158400,Reorder Required,ORD-MAR26-20260216-SKU-O003,Forecast_Model,0,5,0.85,34.09,8.9,13.01,183.46,1,0.0
2026-03-16,SKU-O004,Rubber Bands,Office Supplies,303,92480,Reorder Required,ORD-MAR26-20260216-SKU-O004,Forecast_Model,0,5,0.85,28.6,7.1,10.38,153.38,1,0.0
2026-03-17,SKU-E001,Wireless Mouse Optical,Electronics,269,81900,Reorder Required,ORD-MAR26-20260217-SKU-E001,Forecast_Model,0,7,0.95,17.32,4.2,11.54,132.78,1,0.0
2026-03-17,SKU-E002,USB Cable Type-C 1m,Electronics,290,86130,Reorder Required,ORD-MAR26-20260217-SKU-E002,Forecast_Model,0,5,0.9,27.01,6.1,11.04,146.09,1,0.0
2026-03-17,SKU-E003,Mechanical Keyboard RGB,Electronics,256,86080,Reorder Required,ORD-MAR26-20260217-SKU-E003,Forecast_Model,0,10,0.95,12.96,3.8,19.76,149.36,1,0.0
2026-03-17,SKU-E004,HDMI Cable 2m 4K,Electronics,270,86700,Reorder Required,ORD-MAR26-20260217-SKU-E004,Forecast_Model,0,5,0.9,20.02,5.1,8.73,108.83,1,0.0
2026-03-17,SKU-E005,Webcam HD 1080p,Electronics,219,85100,Reorder Required,ORD-MAR26-20260217-SKU-E005,Forecast_Model,0,10,0.95,10.47,2.7,14.04,118.74,1,0.0
2026-03-17,SKU-E006,USB Hub 4-Port,Electronics,183,59840,Reorder Required,ORD-MAR26-20260217-SKU-E006,Forecast_Model,0,7,0.9,11.79,3.2,11.58,94.11,1,0.0
2026-03-17,SKU-E007,Power Strip 6-Outlet,Electronics,231,74250,Reorder Required,ORD-MAR26-20260217-SKU-E007,Forecast_Model,0,7,0.9,15.01,3.9,14.1,119.17,1,0.0
2026-03-17,SKU-E008,Bluetooth Speaker,Electronics,205,62650,Reorder Required,ORD-MAR26-20260217-SKU-E008,Forecast_Model,0,12,0.95,9.17,2.5,14.22,124.26,1,0.0
2026-03-17,SKU-E009,Phone Charger Fast,Electronics,496,147240,Reorder Required,ORD-MAR26-20260217-SKU-E009,Forecast_Model,0,5,0.9,25.43,6.8,12.31,139.46,1,0.0
2026-03-17,SKU-E010,Laptop Cooling Pad,Electronics,239,85320,Reorder Required,ORD-MAR26-20260217-SKU-E010,Forecast_Model,0,14,0.95,7.43,2.0,10.39,114.41,1,0.0
2026-03-17,SKU-S001,Notebook A4 Ruled,Stationery,729,278880,Reorder Required,ORD-MAR26-20260217-SKU-S001,Forecast_Model,0,10,0.95,34.06,8.5,44.21,384.78,1,0.0
2026-03-17,SKU-S002,Printer Paper A4,Stationery,656,263030,Reorder Required,ORD-MAR26-20260217-SKU-S002,Forecast_Model,0,7,0.9,48.58,12.3,44.53,384.59,1,0.0
2026-03-17,SKU-S003,Sticky Notes Pack,Stationery,329,117420,Reorder Required,ORD-MAR26-20260217-SKU-S003,Forecast_Model,0,5,0.85,31.39,7.2,10.53,167.48,1,0.0
2026-03-17,SKU-S004,Whiteboard Markers,Stationery,503,195390,Reorder Required,ORD-MAR26-20260217-SKU-S004,Forecast_Model,0,7,0.9,37.36,9.4,33.95,296.47,1,0.0
2026-03-17,SKU-S005,Stapler Heavy Duty,Stationery,151,64400,Reorder Required,ORD-MAR26-20260217-SKU-S005,Forecast_Model,0,5,0.85,15.83,3.6,5.26,85.41,1,0.0
2026-03-17,SKU-S006,Binder Clips,Stationery,427,166400,Reorder Required,ORD-MAR26-20260217-SKU-S006,Forecast_Model,0,5,0.85,44.81,11.2,16.37,240.42,1,0.0
2026-03-17,SKU-S007,Correction Tape,Stationery,296,73640,Reorder Required,ORD-MAR26-20260217-SKU-S007,Forecast_Model,0,5,0.85,27.08,6.5,9.51,144.91,1,0.0
2026-03-17,SKU-S008,Pen Set Ballpoint,Stationery,560,182780,Reorder Required,ORD-MAR26-20260217-SKU-S008,Forecast_Model,0,7,0.9,40.1,10.1,36.51,317.21,1,0.0
2026-03-17,SKU-S009,Highlighter Set,Stationery,202,77350,Reorder Required,ORD-MAR26-20260217-SKU-S009,Forecast_Model,0,5,0.85,21.42,5.3,7.75,114.85,1,0.0
2026-03-17,SKU-S010,File Folders Letter,Stationery,611,211200,Reorder Required,ORD-MAR26-20260217-SKU-S010,Forecast_Model,0,10,0.9,30.03,7.6,27.48,327.78,1,0.0
2026-03-17,SKU-S011,Index Cards 3x5,Stationery,242,68700,Reorder Required,ORD-MAR26-20260217-SKU-S011,Forecast_Model,0,5,0.85,23.09,5.8,8.48,124.03,1,0.0
2026-03-17,SKU-F001,Desk Lamp LED,Furniture,255,94620,Reorder Required,ORD-MAR26-20260217-SKU-F001,Forecast_Model,0,14,0.95,9.45,2.3,14.15,147.43,1,0.0
2026-03-17,SKU-F002,Office Chair,Furniture,156,39900,Reorder Required,ORD-MAR26-20260217-SKU-F002,Forecast_Model,0,21,0.98,3.61,1.1,4.62,80.01,1,0.0
2026-03-17,SKU-F003,Monitor Stand,Furniture,212,63350,Reorder Required,ORD-MAR26-20260217-SKU-F003,Forecast_Model,0,12,0.95,7.11,1.9,10.76,95.96,1,0.0
2026-03-17,SKU-F004,Desk Organizer,Furniture,224,57240,Reorder Required,ORD-MAR26-20260217-SKU-F004,Forecast_Model,0,10,0.9,8.18,2.1,7.59,89.39,1,0.0
2026-03-17,SKU-F005,Laptop Stand,Furniture,209,65450,Reorder Required,ORD-MAR26-20260217-SKU-F005,Forecast_Model,0,14,0.95,6.0,1.6,9.84,93.78,1,0.0
2026-03-17,SKU-F006,Filing Cabinet,Furniture,79,24360,Reorder Required,ORD-MAR26-20260217-SKU-F006,Forecast_Model,0,21,0.98,2.37,0.8,3.36,53.13,1,0.0
2026-03-17,SKU-F007,Footrest Ergonomic,Furniture,152,51800,Reorder Required,ORD-MAR26-20260217-SKU-F007,Forecast_Model,0,14,0.9,5.08,1.5,7.35,78.47,1,0.0
2026-03-17,SKU-F008,Desk Mat Large,Furniture,222,83880,Reorder Required,ORD-MAR26-20260217-SKU-F008,Forecast_Model,0,10,0.9,11.92,3.4,12.29,131.49,1,0.0
2026-03-17,SKU-O001,Scissors Office,Office Supplies,225,79860,Reorder Required,ORD-MAR26-20260217-SKU-O001,Forecast_Model,0,7,0.85,17.9,4.4,6.43,131.73,1,0.0
2026-03-17,SKU-O002,Tape Dispenser,Office Supplies,344,98350,Reorder Required,ORD-MAR26-20260217-SKU-O002,Forecast_Model,0,7,0.85,20.54,5.0,7.31,151.09,1,0.0
2026-03-17,SKU-O003,Paper Clips Box,Office Supplies,475,150280,Reorder Required,ORD-MAR26-20260217-SKU-O003,Forecast_Model,0,5,0.85,34.86,8.9,13.01,187.31,1,0.0
2026-03-17,SKU-O004,Rubber Bands,Office Supplies,286,87300,Reorder Required,ORD-MAR26-20260217-SKU-O004,Forecast_Model,0,5,0.85,29.38,7.1,10.38,157.28,1,0.0
2026-03-18,SKU-E001,Wireless Mouse Optical,Electronics,255,76880,Reorder Required,ORD-MAR26-20260218-SKU-E001,Forecast_Model,0,7,0.95,17.73,4.2,11.54,135.65,1,0.0
2026-03-18,SKU-E002,USB Cable Type-C 1m,Electronics,343,75000,Reorder Required,ORD-MAR26-20260218-SKU-E002,Forecast_Model,0,5,0.9,27.64,6.1,11.04,149.24,1,0.0
2026-03-18,SKU-E003,Mechanical Keyboard RGB,Electronics,267,88730,Reorder Required,ORD-MAR26-20260218-SKU-E003,Forecast_Model,0,10,0.95,13.28,3.8,19.76,152.56,1,0.0
2026-03-18,SKU-E004,HDMI Cable 2m 4K,Electronics,283,93540,Reorder Required,ORD-MAR26-20260218-SKU-E004,Forecast_Model,0,5,0.9,20.5,5.1,8.73,111.23,1,0.0
2026-03-18,SKU-E005,Webcam HD 1080p,Electronics,242,79040,Reorder Required,ORD-MAR26-20260218-SKU-E005,Forecast_Model,0,10,0.95,10.74,2.7,14.04,121.44,1,0.0
2026-03-18,SKU-E006,USB Hub 4-Port,Electronics,198,64260,Reorder Required,ORD-MAR26-20260218-SKU-E006,Forecast_Model,0,7,0.9,12.08,3.2,11.58,96.14,1,0.0
2026-03-18,SKU-E007,Power Strip 6-Outlet,Electronics,220,75105,Reorder Required,ORD-MAR26-20260218-SKU-E007,Forecast_Model,0,7,0.9,15.36,3.9,14.1,121.62,1,0.0
2026-03-18,SKU-E008,Bluetooth Speaker,Electronics,176,63350,Reorder Required,ORD-MAR26-20260218-SKU-E008,Forecast_Model,0,12,0.95,9.41,2.5,14.22,127.14,1,0.0
2026-03-18,SKU-E009,Phone Charger Fast,Electronics,486,143850,Reorder Required,ORD-MAR26-20260218-SKU-E009,Forecast_Model,0,5,0.9,26.07,6.8,12.31,141.66,1,0.0
2026-03-18,SKU-E010,Laptop Cooling Pad,Electronics,267,88660,Reorder Required,ORD-MAR26-20260218-SKU-E010,Forecast_Model,0,14,0.95,7.61,2.0,10.39,116.93,1,0.0
2026-03-18,SKU-S001,Notebook A4 Ruled,Stationery,653,277200,Reorder Required,ORD-MAR26-20260218-SKU-S001,Forecast_Model,0,10,0.95,34.87,8.5,44.21,392.88,1,0.0
2026-03-18,SKU-S002,Printer Paper A4,Stationery,756,258780,Reorder Required,ORD-MAR26-20260218-SKU-S002,Forecast_Model,0,7,0.9,49.71,12.3,44.53,391.5,1,0.0
2026-03-18,SKU-S003,Sticky Notes Pack,Stationery,324,108680,Reorder Required,ORD-MAR26-20260218-SKU-S003,Forecast_Model,0,5,0.85,32.11,7.2,10.53,171.08,1,0.0
2026-03-18,SKU-S004,Whiteboard Markers,Stationery,506,192900,Reorder Required,ORD-MAR26-20260218-SKU-S004,Forecast_Model,0,7,0.9,38.2,9.4,33.95,302.35,1,0.0
2026-03-18,SKU-S005,Stapler Heavy Duty,Stationery,181,57050,Reorder Required,ORD-MAR26-20260218-SKU-S005,Forecast_Model,0,5,0.85,16.24,3.6,5.26,87.46,1,0.0
2026-03-18,SKU-S006,Binder Clips,Stationery,517,176640,Reorder Required,ORD-MAR26-20260218-SKU-S006,Forecast_Model,0,5,0.85,45.85,11.2,16.37,245.62,1,0.0
2026-03-18,SKU-S007,Correction Tape,Stationery,292,69160,Reorder Required,ORD-MAR26-20260218-SKU-S007,Forecast_Model,0,5,0.85,27.72,6.5,9.51,148.11,1,0.0
2026-03-18,SKU-S008,Pen Set Ballpoint,Stationery,539,217215,Reorder Required,ORD-MAR26-20260218-SKU-S008,Forecast_Model,0,7,0.9,40.99,10.1,36.51,323.44,1,0.0
2026-03-18,SKU-S009,Highlighter Set,Stationery,255,71360,Reorder Required,ORD-MAR26-20260218-SKU-S009,Forecast_Model,0,5,0.85,21.93,5.3,7.75,117.6,1,0.0
2026-03-18,SKU-S010,File Folders Letter,Stationery,632,223200,Reorder Required,ORD-MAR26-20260218-SKU-S010,Forecast_Model,0,10,0.9,30.77,7.6,27.48,335.18,1,0.0
2026-03-18,SKU-S011,Index Cards 3x5,Stationery,233,69300,Reorder Required,ORD-MAR26-20260218-SKU-S011,Forecast_Model,0,5,0.85,23.63,5.8,8.48,126.73,1,0.0
2026-03-18,SKU-F001,Desk Lamp LED,Furniture,223,80320,Reorder Required,ORD-MAR26-20260218-SKU-F001,Forecast_Model,0,14,0.95,9.68,2.3,14.15,150.67,1,0.0
2026-03-18,SKU-F002,Office Chair,Furniture,136,37520,Reorder Required,ORD-MAR26-20260218-SKU-F002,Forecast_Model,0,21,0.98,3.7,1.1,4.62,82.32,1,0.0
2026-03-18,SKU-F003,Monitor Stand,Furniture,136,63350,Reorder Required,ORD-MAR26-20260218-SKU-F003,Forecast_Model,0,12,0.95,7.29,1.9,10.76,98.16,1,0.0
2026-03-18,SKU-F004,Desk Organizer,Furniture,198,56000,Reorder Required,ORD-MAR26-20260218-SKU-F004,Forecast_Model,0,10,0.9,8.39,2.1,7.59,91.49,1,0.0
2026-03-18,SKU-F005,Laptop Stand,Furniture,214,65450,Reorder Required,ORD-MAR26-20260218-SKU-F005,Forecast_Model,0,14,0.95,6.15,1.6,9.84,95.88,1,0.0
2026-03-18,SKU-F006,Filing Cabinet,Furniture,66,21750,Reorder Required,ORD-MAR26-20260218-SKU-F006,Forecast_Model,0,21,0.98,2.43,0.8,3.36,54.39,1,0.0
2026-03-18,SKU-F007,Footrest Ergonomic,Furniture,161,59600,Reorder Required,ORD-MAR26-20260218-SKU-F007,Forecast_Model,0,14,0.9,5.21,1.5,7.35,80.29,1,0.0
2026-03-18,SKU-F008,Desk Mat Large,Furniture,303,98700,Reorder Required,ORD-MAR26-20260218-SKU-F008,Forecast_Model,0,10,0.9,12.22,3.4,12.29,134.49,1,0.0
2026-03-18,SKU-O001,Scissors Office,Office Supplies,193,87840,Reorder Required,ORD-MAR26-20260218-SKU-O001,Forecast_Model,0,7,0.85,18.29,4.4,6.43,134.46,1,0.0
2026-03-18,SKU-O002,Tape Dispenser,Office Supplies,284,96420,Reorder Required,ORD-MAR26-20260218-SKU-O002,Forecast_Model,0,7,0.85,21.02,5.0,7.31,154.45,1,0.0
2026-03-18,SKU-O003,Paper Clips Box,Office Supplies,331,151080,Reorder Required,ORD-MAR26-20260218-SKU-O003,Forecast_Model,0,5,0.85,35.65,8.9,13.01,191.26,1,0.0
2026-03-18,SKU-O004,Rubber Bands,Office Supplies,285,88380,Reorder Required,ORD-MAR26-20260218-SKU-O004,Forecast_Model,0,5,0.85,30.18,7.1,10.38,161.28,1,0.0
2026-03-19,SKU-E001,Wireless Mouse Optical,Electronics,224,73060,Reorder Required,ORD-MAR26-20260219-SKU-E001,Forecast_Model,0,7,0.95,18.16,4.2,11.54,138.76,1,0.0
2026-03-19,SKU-E002,USB Cable Type-C 1m,Electronics,311,84840,Reorder Required,ORD-MAR26-20260219-SKU-E002,Forecast_Model,0,5,0.9,28.3,6.1,11.04,152.54,1,0.0
2026-03-19,SKU-E003,Mechanical Keyboard RGB,Electronics,305,88730,Reorder Required,ORD-MAR26-20260219-SKU-E003,Forecast_Model,0,10,0.95,13.61,3.8,19.76,155.86,1,0.0
2026-03-19,SKU-E004,HDMI Cable 2m 4K,Electronics,320,88740,Reorder Required,ORD-MAR26-20260219-SKU-E004,Forecast_Model,0,5,0.9,21.0,5.1,8.73,113.73,1,0.0
2026-03-19,SKU-E005,Webcam HD 1080p,Electronics,269,89700,Reorder Required,ORD-MAR26-20260219-SKU-E005,Forecast_Model,0,10,0.95,11.02,2.7,14.04,124.24,1,0.0
2026-03-19,SKU-E006,USB Hub 4-Port,Electronics,187,66850,Reorder Required,ORD-MAR26-20260219-SKU-E006,Forecast_Model,0,7,0.9,12.37,3.2,11.58,98.17,1,0.0
2026-03-19,SKU-E007,Power Strip 6-Outlet,Electronics,205,73280,Reorder Required,ORD-MAR26-20260219-SKU-E007,Forecast_Model,0,7,0.9,15.72,3.9,14.1,124.14,1,0.0
2026-03-19,SKU-E008,Bluetooth Speaker,Electronics,189,59290,Reorder Required,ORD-MAR26-20260219-SKU-E008,Forecast_Model,0,12,0.95,9.66,2.5,14.22,130.14,1,0.0
2026-03-19,SKU-E009,Phone Charger Fast,Electronics,443,144550,Reorder Required,ORD-MAR26-20260219-SKU-E009,Forecast_Model,0,5,0.9,26.73,6.8,12.31,145.96,1,0.0
2026-03-19,SKU-E010,Laptop Cooling Pad,Electronics,222,79530,Reorder Required,ORD-MAR26-20260219-SKU-E010,Forecast_Model,0,14,0.95,7.8,2.0,10.39,119.59,1,0.0
2026-03-19,SKU-S001,Notebook A4 Ruled,Stationery,653,285280,Reorder Required,ORD-MAR26-20260219-SKU-S001,Forecast_Model,0,10,0.95,35.71,8.5,44.21,401.28,1,0.0
2026-03-19,SKU-S002,Printer Paper A4,Stationery,654,260900,Reorder Required,ORD-MAR26-20260219-SKU-S002,Forecast_Model,0,7,0.9,50.86,12.3,44.53,398.55,1,0.0
2026-03-19,SKU-S003,Sticky Notes Pack,Stationery,369,134820,Reorder Required,ORD-MAR26-20260219-SKU-S003,Forecast_Model,0,5,0.85,32.86,7.2,10.53,174.83,1,0.0
2026-03-19,SKU-S004,Whiteboard Markers,Stationery,490,203600,Reorder Required,ORD-MAR26-20260219-SKU-S004,Forecast_Model,0,7,0.9,39.07,9.4,33.95,308.44,1,0.0
2026-03-19,SKU-S005,Stapler Heavy Duty,Stationery,152,59400,Reorder Required,ORD-MAR26-20260219-SKU-S005,Forecast_Model,0,5,0.85,16.66,3.6,5.26,89.56,1,0.0
2026-03-19,SKU-S006,Binder Clips,Stationery,531,163800,Reorder Required,ORD-MAR26-20260219-SKU-S006,Forecast_Model,0,5,0.85,46.91,11.2,16.37,250.92,1,0.0
2026-03-19,SKU-S007,Correction Tape,Stationery,231,77610,Reorder Required,ORD-MAR26-20260219-SKU-S007,Forecast_Model,0,5,0.85,28.37,6.5,9.51,151.36,1,0.0
2026-03-19,SKU-S008,Pen Set Ballpoint,Stationery,514,207200,Reorder Required,ORD-MAR26-20260219-SKU-S008,Forecast_Model,0,7,0.9,41.89,10.1,36.51,329.77,1,0.0
2026-03-19,SKU-S009,Highlighter Set,Stationery,212,67800,Reorder Required,ORD-MAR26-20260219-SKU-S009,Forecast_Model,0,5,0.85,22.45,5.3,7.75,120.4,1,0.0
2026-03-19,SKU-S010,File Folders Letter,Stationery,679,235620,Reorder Required,ORD-MAR26-20260219-SKU-S010,Forecast_Model,0,10,0.9,31.51,7.6,27.48,342.58,1,0.0
2026-03-19,SKU-S011,Index Cards 3x5,Stationery,200,72540,Reorder Required,ORD-MAR26-20260219-SKU-S011,Forecast_Model,0,5,0.85,24.18,5.8,8.48,129.43,1,0.0
2026-03-19,SKU-F001,Desk Lamp LED,Furniture,257,88550,Reorder Required,ORD-MAR26-20260219-SKU-F001,Forecast_Model,0,14,0.95,9.92,2.3,14.15,154.03,1,0.0
2026-03-19,SKU-F002,Office Chair,Furniture,142,44550,Reorder Required,ORD-MAR26-20260219-SKU-F002,Forecast_Model,0,21,0.98,3.79,1.1,4.62,84.57,1,0.0
2026-03-19,SKU-F003,Monitor Stand,Furniture,190,61050,Reorder Required,ORD-MAR26-20260219-SKU-F003,Forecast_Model,0,12,0.95,7.47,1.9,10.76,100.46,1,0.0
2026-03-19,SKU-F004,Desk Organizer,Furniture,181,58410,Reorder Required,ORD-MAR26-20260219-SKU-F004,Forecast_Model,0,10,0.9,8.6,2.1,7.59,93.59,1,0.0
2026-03-19,SKU-F005,Laptop Stand,Furniture,194,61110,Reorder Required,ORD-MAR26-20260219-SKU-F005,Forecast_Model,0,14,0.95,6.3,1.6,9.84,98.08,1,0.0
2026-03-19,SKU-F006,Filing Cabinet,Furniture,64,19720,Reorder Required,ORD-MAR26-20260219-SKU-F006,Forecast_Model,0,21,0.98,2.49,0.8,3.36,55.86,1,0.0
2026-03-19,SKU-F007,Footrest Ergonomic,Furniture,159,52850,Reorder Required,ORD-MAR26-20260219-SKU-F007,Forecast_Model,0,14,0.9,5.34,1.5,7.35,82.11,1,0.0
2026-03-19,SKU-F008,Desk Mat Large,Furniture,243,94800,Reorder Required,ORD-MAR26-20260219-SKU-F008,Forecast_Model,0,10,0.9,12.53,3.4,12.29,137.59,1,0.0
2026-03-19,SKU-O001,Scissors Office,Office Supplies,257,86100,Reorder Required,ORD-MAR26-20260219-SKU-O001,Forecast_Model,0,7,0.85,18.69,4.4,6.43,137.26,1,0.0
2026-03-19,SKU-O002,Tape Dispenser,Office Supplies,272,91200,Reorder Required,ORD-MAR26-20260219-SKU-O002,Forecast_Model,0,7,0.85,21.51,5.0,7.31,157.88,1,0.0
2026-03-19,SKU-O003,Paper Clips Box,Office Supplies,428,147180,Reorder Required,ORD-MAR26-20260219-SKU-O003,Forecast_Model,0,5,0.85,36.47,8.9,13.01,195.36,1,0.0
2026-03-19,SKU-O004,Rubber Bands,Office Supplies,303,103250,Reorder Required,ORD-MAR26-20260219-SKU-O004,Forecast_Model,0,5,0.85,31.0,7.1,10.38,165.38,1,0.0
2026-03-20,SKU-E001,Wireless Mouse Optical,Electronics,263,76800,Reorder Required,ORD-MAR26-20260220-SKU-E001,Forecast_Model,0,7,0.95,18.3,4.2,11.54,139.62,1,0.0
2026-03-20,SKU-E002,USB Cable Type-C 1m,Electronics,280,91800,Reorder Required,ORD-MAR26-20260220-SKU-E002,Forecast_Model,0,5,0.9,28.64,6.1,11.04,154.24,1,0.0
2026-03-20,SKU-E003,Mechanical Keyboard RGB,Electronics,239,88000,Reorder Required,ORD-MAR26-20260220-SKU-E003,Forecast_Model,0,10,0.95,13.77,3.8,19.76,157.46,1,0.0
2026-03-20,SKU-E004,HDMI Cable 2m 4K,Electronics,310,85140,Reorder Required,ORD-MAR26-20260220-SKU-E004,Forecast_Model,0,5,0.9,21.25,5.1,8.73,114.98,1,0.0
2026-03-20,SKU-E005,Webcam HD 1080p,Electronics,212,89700,Reorder Required,ORD-MAR26-20260220-SKU-E005,Forecast_Model,0,10,0.95,11.17,2.7,14.04,125.74,1,0.0
2026-03-20,SKU-E006,USB Hub 4-Port,Electronics,191,69480,Reorder Required,ORD-MAR26-20260220-SKU-E006,Forecast_Model,0,7,0.9,12.53,3.2,11.58,99.29,1,0.0
2026-03-20,SKU-E007,Power Strip 6-Outlet,Electronics,228,80850,Reorder Required,ORD-MAR26-20260220-SKU-E007,Forecast_Model,0,7,0.9,15.92,3.9,14.1,125.54,1,0.0
2026-03-20,SKU-E008,Bluetooth Speaker,Electronics,175,61050,Reorder Required,ORD-MAR26-20260220-SKU-E008,Forecast_Model,0,12,0.95,9.77,2.5,14.22,131.46,1,0.0
2026-03-20,SKU-E009,Phone Charger Fast,Electronics,470,162785,Reorder Required,ORD-MAR26-20260220-SKU-E009,Forecast_Model,0,5,0.9,27.15,6.8,12.31,147.06,1,0.0
2026-03-20,SKU-E010,Laptop Cooling Pad,Electronics,233,87480,Reorder Required,ORD-MAR26-20260220-SKU-E010,Forecast_Model,0,14,0.95,7.9,2.0,10.39,120.99,1,0.0
2026-03-20,SKU-S001,Notebook A4 Ruled,Stationery,814,280480,Reorder Required,ORD-MAR26-20260220-SKU-S001,Forecast_Model,0,10,0.95,36.07,8.5,44.21,404.88,1,0.0
2026-03-20,SKU-S002,Printer Paper A4,Stationery,730,275600,Reorder Required,ORD-MAR26-20260220-SKU-S002,Forecast_Model,0,7,0.9,51.44,12.3,44.53,402.61,1,0.0
2026-03-20,SKU-S003,Sticky Notes Pack,Stationery,352,127200,Reorder Required,ORD-MAR26-20260220-SKU-S003,Forecast_Model,0,5,0.85,33.27,7.2,10.53,176.88,1,0.0
2026-03-20,SKU-S004,Whiteboard Markers,Stationery,483,215460,Reorder Required,ORD-MAR26-20260220-SKU-S004,Forecast_Model,0,7,0.9,39.51,9.4,33.95,311.52,1,0.0
2026-03-20,SKU-S005,Stapler Heavy Duty,Stationery,175,63460,Reorder Required,ORD-MAR26-20260220-SKU-S005,Forecast_Model,0,5,0.85,16.89,3.6,5.26,90.71,1,0.0
2026-03-20,SKU-S006,Binder Clips,Stationery,559,179680,Reorder Required,ORD-MAR26-20260220-SKU-S006,Forecast_Model,0,5,0.85,47.52,11.2,16.37,253.97,1,0.0
2026-03-20,SKU-S007,Correction Tape,Stationery,270,87040,Reorder Required,ORD-MAR26-20260220-SKU-S007,Forecast_Model,0,5,0.85,28.71,6.5,9.51,153.06,1,0.0
2026-03-20,SKU-S008,Pen Set Ballpoint,Stationery,633,208710,Reorder Required,ORD-MAR26-20260220-SKU-S008,Forecast_Model,0,7,0.9,42.41,10.1,36.51,333.38,1,0.0
2026-03-20,SKU-S009,Highlighter Set,Stationery,209,68400,Reorder Required,ORD-MAR26-20260220-SKU-S009,Forecast_Model,0,5,0.85,22.77,5.3,7.75,121.6,1,0.0
2026-03-20,SKU-S010,File Folders Letter,Stationery,570,225600,Reorder Required,ORD-MAR26-20260220-SKU-S010,Forecast_Model,0,10,0.9,31.99,7.6,27.48,347.38,1,0.0
2026-03-20,SKU-S011,Index Cards 3x5,Stationery,230,77880,Reorder Required,ORD-MAR26-20260220-SKU-S011,Forecast_Model,0,5,0.85,24.54,5.8,8.48,131.23,1,0.0
2026-03-20,SKU-F001,Desk Lamp LED,Furniture,226,78540,Reorder Required,ORD-MAR26-20260220-SKU-F001,Forecast_Model,0,14,0.95,10.03,2.3,14.15,154.56,1,0.0
2026-03-20,SKU-F002,Office Chair,Furniture,170,43520,Reorder Required,ORD-MAR26-20260220-SKU-F002,Forecast_Model,0,21,0.98,3.83,1.1,4.62,85.47,1,0.0
2026-03-20,SKU-F003,Monitor Stand,Furniture,219,65450,Reorder Required,ORD-MAR26-20260220-SKU-F003,Forecast_Model,0,12,0.95,7.56,1.9,10.76,101.36,1,0.0
2026-03-20,SKU-F004,Desk Organizer,Furniture,197,55690,Reorder Required,ORD-MAR26-20260220-SKU-F004,Forecast_Model,0,10,0.9,8.7,2.1,7.59,94.69,1,0.0
2026-03-20,SKU-F005,Laptop Stand,Furniture,225,66850,Reorder Required,ORD-MAR26-20260220-SKU-F005,Forecast_Model,0,14,0.95,6.37,1.6,9.84,99.08,1,0.0
2026-03-20,SKU-F006,Filing Cabinet,Furniture,65,18560,Reorder Required,ORD-MAR26-20260220-SKU-F006,Forecast_Model,0,21,0.98,2.52,0.8,3.36,56.49,1,0.0
2026-03-20,SKU-F007,Footrest Ergonomic,Furniture,172,60800,Reorder Required,ORD-MAR26-20260220-SKU-F007,Forecast_Model,0,14,0.9,5.39,1.5,7.35,82.81,1,0.0
2026-03-20,SKU-F008,Desk Mat Large,Furniture,276,91010,Reorder Required,ORD-MAR26-20260220-SKU-F008,Forecast_Model,0,10,0.9,12.69,3.4,12.29,139.19,1,0.0
2026-03-20,SKU-O001,Scissors Office,Office Supplies,212,79360,Reorder Required,ORD-MAR26-20260220-SKU-O001,Forecast_Model,0,7,0.85,18.93,4.4,6.43,138.94,1,0.0
2026-03-20,SKU-O002,Tape Dispenser,Office Supplies,305,97580,Reorder Required,ORD-MAR26-20260220-SKU-O002,Forecast_Model,0,7,0.85,21.81,5.0,7.31,159.98,1,0.0
2026-03-20,SKU-O003,Paper Clips Box,Office Supplies,517,148170,Reorder Required,ORD-MAR26-20260220-SKU-O003,Forecast_Model,0,5,0.85,36.93,8.9,13.01,197.66,1,0.0
2026-03-20,SKU-O004,Rubber Bands,Office Supplies,280,92070,Reorder Required,ORD-MAR26-20260220-SKU-O004,Forecast_Model,0,5,0.85,31.46,7.1,10.38,167.68,1,0.0
2026-03-21,SKU-E001,Wireless Mouse Optical,Electronics,246,77220,Reorder Required,ORD-MAR26-20260221-SKU-E001,Forecast_Model,0,7,0.95,18.14,4.2,11.54,139.48,1,0.0
2026-03-21,SKU-E002,USB Cable Type-C 1m,Electronics,324,80340,Reorder Required,ORD-MAR26-20260221-SKU-E002,Forecast_Model,0,5,0.9,28.35,6.1,11.04,152.79,1,0.0
2026-03-21,SKU-E003,Mechanical Keyboard RGB,Electronics,284,88640,Reorder Required,ORD-MAR26-20260221-SKU-E003,Forecast_Model,0,10,0.95,13.63,3.8,19.76,156.06,1,0.0
2026-03-21,SKU-E004,HDMI Cable 2m 4K,Electronics,254,80100,Reorder Required,ORD-MAR26-20260221-SKU-E004,Forecast_Model,0,5,0.9,21.01,5.1,8.73,113.78,1,0.0
2026-03-21,SKU-E005,Webcam HD 1080p,Electronics,254,75520,Reorder Required,ORD-MAR26-20260221-SKU-E005,Forecast_Model,0,10,0.95,11.04,2.7,14.04,124.44,1,0.0
2026-03-21,SKU-E006,USB Hub 4-Port,Electronics,201,58500,Reorder Required,ORD-MAR26-20260221-SKU-E006,Forecast_Model,0,7,0.9,12.38,3.2,11.58,98.24,1,0.0
2026-03-21,SKU-E007,Power Strip 6-Outlet,Electronics,225,88540,Reorder Required,ORD-MAR26-20260221-SKU-E007,Forecast_Model,0,7,0.9,15.74,3.9,14.1,124.28,1,0.0
2026-03-21,SKU-E008,Bluetooth Speaker,Electronics,198,65450,Reorder Required,ORD-MAR26-20260221-SKU-E008,Forecast_Model,0,12,0.95,9.68,2.5,14.22,130.38,1,0.0
2026-03-21,SKU-E009,Phone Charger Fast,Electronics,463,150120,Reorder Required,ORD-MAR26-20260221-SKU-E009,Forecast_Model,0,5,0.9,26.82,6.8,12.31,146.41,1,0.0
2026-03-21,SKU-E010,Laptop Cooling Pad,Electronics,251,85750,Reorder Required,ORD-MAR26-20260221-SKU-E010,Forecast_Model,0,14,0.95,7.82,2.0,10.39,119.87,1,0.0
2026-03-21,SKU-S001,Notebook A4 Ruled,Stationery,687,241920,Reorder Required,ORD-MAR26-20260221-SKU-S001,Forecast_Model,0,10,0.95,35.67,8.5,44.21,400.88,1,0.0
2026-03-21,SKU-S002,Printer Paper A4,Stationery,779,242550,Reorder Required,ORD-MAR26-20260221-SKU-S002,Forecast_Model,0,7,0.9,50.87,12.3,44.53,398.62,1,0.0
2026-03-21,SKU-S003,Sticky Notes Pack,Stationery,312,133815,Reorder Required,ORD-MAR26-20260221-SKU-S003,Forecast_Model,0,5,0.85,32.89,7.2,10.53,175.03,1,0.0
2026-03-21,SKU-S004,Whiteboard Markers,Stationery,516,196460,Reorder Required,ORD-MAR26-20260221-SKU-S004,Forecast_Model,0,7,0.9,39.09,9.4,33.95,307.58,1,0.0
2026-03-21,SKU-S005,Stapler Heavy Duty,Stationery,160,67600,Reorder Required,ORD-MAR26-20260221-SKU-S005,Forecast_Model,0,5,0.85,16.73,3.6,5.26,89.91,1,0.0
2026-03-21,SKU-S006,Binder Clips,Stationery,436,161840,Reorder Required,ORD-MAR26-20260221-SKU-S006,Forecast_Model,0,5,0.85,46.95,11.2,16.37,251.12,1,0.0
2026-03-21,SKU-S007,Correction Tape,Stationery,316,90750,Reorder Required,ORD-MAR26-20260221-SKU-S007,Forecast_Model,0,5,0.85,28.4,6.5,9.51,151.51,1,0.0
2026-03-21,SKU-S008,Pen Set Ballpoint,Stationery,544,192440,Reorder Required,ORD-MAR26-20260221-SKU-S008,Forecast_Model,0,7,0.9,41.97,10.1,36.51,330.3,1,0.0
2026-03-21,SKU-S009,Highlighter Set,Stationery,229,69300,Reorder Required,ORD-MAR26-20260221-SKU-S009,Forecast_Model,0,5,0.85,22.51,5.3,7.75,120.3,1,0.0
2026-03-21,SKU-S010,File Folders Letter,Stationery,567,227340,Reorder Required,ORD-MAR26-20260221-SKU-S010,Forecast_Model,0,10,0.9,31.63,7.6,27.48,343.78,1,0.0
2026-03-21,SKU-S011,Index Cards 3x5,Stationery,226,74090,Reorder Required,ORD-MAR26-20260221-SKU-S011,Forecast_Model,0,5,0.85,24.27,5.8,8.48,130.03,1,0.0
2026-03-21,SKU-F001,Desk Lamp LED,Furniture,257,102800,Reorder Required,ORD-MAR26-20260221-SKU-F001,Forecast_Model,0,14,0.95,9.91,2.3,14.15,153.89,1,0.0
2026-03-21,SKU-F002,Office Chair,Furniture,136,44850,Reorder Required,ORD-MAR26-20260221-SKU-F002,Forecast_Model,0,21,0.98,3.79,1.1,4.62,84.57,1,0.0
2026-03-21,SKU-F003,Monitor Stand,Furniture,195,66150,Reorder Required,ORD-MAR26-20260221-SKU-F003,Forecast_Model,0,12,0.95,7.48,1.9,10.76,100.56,1,0.0
2026-03-21,SKU-F004,Desk Organizer,Furniture,224,59730,Reorder Required,ORD-MAR26-20260221-SKU-F004,Forecast_Model,0,10,0.9,8.59,2.1,7.59,93.49,1,0.0
2026-03-21,SKU-F005,Laptop Stand,Furniture,210,67550,Reorder Required,ORD-MAR26-20260221-SKU-F005,Forecast_Model,0,14,0.95,6.31,1.6,9.84,98.22,1,0.0
2026-03-21,SKU-F006,Filing Cabinet,Furniture,62,19140,Reorder Required,ORD-MAR26-20260221-SKU-F006,Forecast_Model,0,21,0.98,2.47,0.8,3.36,55.23,1,0.0
2026-03-21,SKU-F007,Footrest Ergonomic,Furniture,160,55440,Reorder Required,ORD-MAR26-20260221-SKU-F007,Forecast_Model,0,14,0.9,5.32,1.5,7.35,81.59,1,0.0
2026-03-21,SKU-F008,Desk Mat Large,Furniture,267,89170,Reorder Required,ORD-MAR26-20260221-SKU-F008,Forecast_Model,0,10,0.9,12.55,3.4,12.29,137.99,1,0.0
2026-03-21,SKU-O001,Scissors Office,Office Supplies,253,77500,Reorder Required,ORD-MAR26-20260221-SKU-O001,Forecast_Model,0,7,0.85,18.75,4.4,6.43,137.68,1,0.0
2026-03-21,SKU-O002,Tape Dispenser,Office Supplies,309,98260,Reorder Required,ORD-MAR26-20260221-SKU-O002,Forecast_Model,0,7,0.85,21.61,5.0,7.31,158.58,1,0.0
2026-03-21,SKU-O003,Paper Clips Box,Office Supplies,446,162360,Reorder Required,ORD-MAR26-20260221-SKU-O003,Forecast_Model,0,5,0.85,36.39,8.9,13.01,194.96,1,0.0
2026-03-21,SKU-O004,Rubber Bands,Office Supplies,323,101660,Reorder Required,ORD-MAR26-20260221-SKU-O004,Forecast_Model,0,5,0.85,30.95,7.1,10.38,165.13,1,0.0
2026-03-22,SKU-E001,Wireless Mouse Optical,Electronics,237,87840,Reorder Required,ORD-MAR26-20260222-SKU-E001,Forecast_Model,0,7,0.95,17.96,4.2,11.54,137.26,1,0.0
2026-03-22,SKU-E002,USB Cable Type-C 1m,Electronics,348,93600,Reorder Required,ORD-MAR26-20260222-SKU-E002,Forecast_Model,0,5,0.9,28.07,6.1,11.04,151.39,1,0.0
2026-03-22,SKU-E003,Mechanical Keyboard RGB,Electronics,311,95220,Reorder Required,ORD-MAR26-20260222-SKU-E003,Forecast_Model,0,10,0.95,13.49,3.8,19.76,154.66,1,0.0
2026-03-22,SKU-E004,HDMI Cable 2m 4K,Electronics,289,91800,Reorder Required,ORD-MAR26-20260222-SKU-E004,Forecast_Model,0,5,0.9,20.78,5.1,8.73,112.63,1,0.0
2026-03-22,SKU-E005,Webcam HD 1080p,Electronics,232,81600,Reorder Required,ORD-MAR26-20260222-SKU-E005,Forecast_Model,0,10,0.95,10.91,2.7,14.04,123.14,1,0.0
2026-03-22,SKU-E006,USB Hub 4-Port,Electronics,192,68950,Reorder Required,ORD-MAR26-20260222-SKU-E006,Forecast_Model,0,7,0.9,12.24,3.2,11.58,97.26,1,0.0
2026-03-22,SKU-E007,Power Strip 6-Outlet,Electronics,265,80200,Reorder Required,ORD-MAR26-20260222-SKU-E007,Forecast_Model,0,7,0.9,15.57,3.9,14.1,123.09,1,0.0
2026-03-22,SKU-E008,Bluetooth Speaker,Electronics,190,66150,Reorder Required,ORD-MAR26-20260222-SKU-E008,Forecast_Model,0,12,0.95,9.59,2.5,14.22,129.3,1,0.0
2026-03-22,SKU-E009,Phone Charger Fast,Electronics,467,158810,Reorder Required,ORD-MAR26-20260222-SKU-E009,Forecast_Model,0,5,0.9,26.51,6.8,12.31,144.86,1,0.0
2026-03-22,SKU-E010,Laptop Cooling Pad,Electronics,263,91490,Reorder Required,ORD-MAR26-20260222-SKU-E010,Forecast_Model,0,14,0.95,7.73,2.0,10.39,118.61,1,0.0
2026-03-22,SKU-S001,Notebook A4 Ruled,Stationery,811,263640,Reorder Required,ORD-MAR26-20260222-SKU-S001,Forecast_Model,0,10,0.95,35.29,8.5,44.21,397.08,1,0.0
2026-03-22,SKU-S002,Printer Paper A4,Stationery,670,265060,Reorder Required,ORD-MAR26-20260222-SKU-S002,Forecast_Model,0,7,0.9,50.3,12.3,44.53,396.63,1,0.0
2026-03-22,SKU-S003,Sticky Notes Pack,Stationery,350,129600,Reorder Required,ORD-MAR26-20260222-SKU-S003,Forecast_Model,0,5,0.85,32.53,7.2,10.53,173.18,1,0.0
2026-03-22,SKU-S004,Whiteboard Markers,Stationery,554,214110,Reorder Required,ORD-MAR26-20260222-SKU-S004,Forecast_Model,0,7,0.9,38.58,9.4,33.95,304.01,1,0.0
2026-03-22,SKU-S005,Stapler Heavy Duty,Stationery,185,66690,Reorder Required,ORD-MAR26-20260222-SKU-S005,Forecast_Model,0,5,0.85,16.56,3.6,5.26,89.06,1,0.0
2026-03-22,SKU-S006,Binder Clips,Stationery,484,158400,Reorder Required,ORD-MAR26-20260222-SKU-S006,Forecast_Model,0,5,0.85,46.4,11.2,16.37,248.37,1,0.0
2026-03-22,SKU-S007,Correction Tape,Stationery,283,86180,Reorder Required,ORD-MAR26-20260222-SKU-S007,Forecast_Model,0,5,0.85,28.09,6.5,9.51,149.96,1,0.0
2026-03-22,SKU-S008,Pen Set Ballpoint,Stationery,602,210550,Reorder Required,ORD-MAR26-20260222-SKU-S008,Forecast_Model,0,7,0.9,41.49,10.1,36.51,326.74,1,0.0
2026-03-22,SKU-S009,Highlighter Set,Stationery,258,72590,Reorder Required,ORD-MAR26-20260222-SKU-S009,Forecast_Model,0,5,0.85,22.26,5.3,7.75,119.05,1,0.0
2026-03-22,SKU-S010,File Folders Letter,Stationery,737,222300,Reorder Required,ORD-MAR26-20260222-SKU-S010,Forecast_Model,0,10,0.9,31.27,7.6,27.48,340.18,1,0.0
2026-03-22,SKU-S011,Index Cards 3x5,Stationery,223,72300,Reorder Required,ORD-MAR26-20260222-SKU-S011,Forecast_Model,0,5,0.85,24.01,5.8,8.48,128.53,1,0.0
2026-03-22,SKU-F001,Desk Lamp LED,Furniture,265,98420,Reorder Required,ORD-MAR26-20260222-SKU-F001,Forecast_Model,0,14,0.95,9.8,2.3,14.15,151.35,1,0.0
2026-03-22,SKU-F002,Office Chair,Furniture,157,39420,Reorder Required,ORD-MAR26-20260222-SKU-F002,Forecast_Model,0,21,0.98,3.75,1.1,4.62,83.37,1,0.0
2026-03-22,SKU-F003,Monitor Stand,Furniture,221,63030,Reorder Required,ORD-MAR26-20260222-SKU-F003,Forecast_Model,0,12,0.95,7.4,1.9,10.76,99.56,1,0.0
2026-03-22,SKU-F004,Desk Organizer,Furniture,202,60390,Reorder Required,ORD-MAR26-20260222-SKU-F004,Forecast_Model,0,10,0.9,8.49,2.1,7.59,92.39,1,0.0
2026-03-22,SKU-F005,Laptop Stand,Furniture,249,60450,Reorder Required,ORD-MAR26-20260222-SKU-F005,Forecast_Model,0,14,0.95,6.25,1.6,9.84,97.36,1,0.0
2026-03-22,SKU-F006,Filing Cabinet,Furniture,62,20300,Reorder Required,ORD-MAR26-20260222-SKU-F006,Forecast_Model,0,21,0.98,2.43,0.8,3.36,54.39,1,0.0
2026-03-22,SKU-F007,Footrest Ergonomic,Furniture,170,55800,Reorder Required,ORD-MAR26-20260222-SKU-F007,Forecast_Model,0,14,0.9,5.25,1.5,7.35,80.85,1,0.0
2026-03-22,SKU-F008,Desk Mat Large,Furniture,273,84810,Reorder Required,ORD-MAR26-20260222-SKU-F008,Forecast_Model,0,10,0.9,12.41,3.4,12.29,136.39,1,0.0
2026-03-22,SKU-O001,Scissors Office,Office Supplies,244,90720,Reorder Required,ORD-MAR26-20260222-SKU-O001,Forecast_Model,0,7,0.85,18.58,4.4,6.43,136.49,1,0.0
2026-03-22,SKU-O002,Tape Dispenser,Office Supplies,258,91875,Reorder Required,ORD-MAR26-20260222-SKU-O002,Forecast_Model,0,7,0.85,21.42,5.0,7.31,157.25,1,0.0
2026-03-22,SKU-O003,Paper Clips Box,Office Supplies,523,140130,Reorder Required,ORD-MAR26-20260222-SKU-O003,Forecast_Model,0,5,0.85,35.87,8.9,13.01,192.36,1,0.0
2026-03-22,SKU-O004,Rubber Bands,Office Supplies,337,90300,Reorder Required,ORD-MAR26-20260222-SKU-O004,Forecast_Model,0,5,0.85,30.47,7.1,10.38,162.73,1,0.0
2026-03-23,SKU-E001,Wireless Mouse Optical,Electronics,254,91080,Reorder Required,ORD-MAR26-20260223-SKU-E001,Forecast_Model,0,7,0.95,17.82,4.2,11.54,136.28,1,0.0
2026-03-23,SKU-E002,USB Cable Type-C 1m,Electronics,321,88200,Reorder Required,ORD-MAR26-20260223-SKU-E002,Forecast_Model,0,5,0.9,27.84,6.1,11.04,150.24,1,0.0
2026-03-23,SKU-E003,Mechanical Keyboard RGB,Electronics,318,84300,Reorder Required,ORD-MAR26-20260223-SKU-E003,Forecast_Model,0,10,0.95,13.38,3.8,19.76,153.56,1,0.0
2026-03-23,SKU-E004,HDMI Cable 2m 4K,Electronics,327,92820,Reorder Required,ORD-MAR26-20260223-SKU-E004,Forecast_Model,0,5,0.9,20.58,5.1,8.73,111.63,1,0.0
2026-03-23,SKU-E005,Webcam HD 1080p,Electronics,243,84700,Reorder Required,ORD-MAR26-20260223-SKU-E005,Forecast_Model,0,10,0.95,10.8,2.7,14.04,122.04,1,0.0
2026-03-23,SKU-E006,USB Hub 4-Port,Electronics,202,71640,Reorder Required,ORD-MAR26-20260223-SKU-E006,Forecast_Model,0,7,0.9,12.12,3.2,11.58,96.42,1,0.0
2026-03-23,SKU-E007,Power Strip 6-Outlet,Electronics,262,90060,Reorder Required,ORD-MAR26-20260223-SKU-E007,Forecast_Model,0,7,0.9,15.43,3.9,14.1,122.11,1,0.0
2026-03-23,SKU-E008,Bluetooth Speaker,Electronics,173,70970,Reorder Required,ORD-MAR26-20260223-SKU-E008,Forecast_Model,0,12,0.95,9.51,2.5,14.22,128.34,1,0.0
2026-03-23,SKU-E009,Phone Charger Fast,Electronics,417,147350,Reorder Required,ORD-MAR26-20260223-SKU-E009,Forecast_Model,0,5,0.9,26.24,6.8,12.31,143.51,1,0.0
2026-03-23,SKU-E010,Laptop Cooling Pad,Electronics,287,87150,Reorder Required,ORD-MAR26-20260223-SKU-E010,Forecast_Model,0,14,0.95,7.65,2.0,10.39,117.49,1,0.0
2026-03-23,SKU-S001,Notebook A4 Ruled,Stationery,619,244800,Reorder Required,ORD-MAR26-20260223-SKU-S001,Forecast_Model,0,10,0.95,34.93,8.5,44.21,393.48,1,0.0
2026-03-23,SKU-S002,Printer Paper A4,Stationery,694,266380,Reorder Required,ORD-MAR26-20260223-SKU-S002,Forecast_Model,0,7,0.9,49.75,12.3,44.53,393.78,1,0.0
2026-03-23,SKU-S003,Sticky Notes Pack,Stationery,374,124260,Reorder Required,ORD-MAR26-20260223-SKU-S003,Forecast_Model,0,5,0.85,32.19,7.2,10.53,171.48,1,0.0
2026-03-23,SKU-S004,Whiteboard Markers,Stationery,489,199500,Reorder Required,ORD-MAR26-20260223-SKU-S004,Forecast_Model,0,7,0.9,38.11,9.4,33.95,300.72,1,0.0
2026-03-23,SKU-S005,Stapler Heavy Duty,Stationery,200,62280,Reorder Required,ORD-MAR26-20260223-SKU-S005,Forecast_Model,0,5,0.85,16.4,3.6,5.26,88.26,1,0.0
2026-03-23,SKU-S006,Binder Clips,Stationery,485,159720,Reorder Required,ORD-MAR26-20260223-SKU-S006,Forecast_Model,0,5,0.85,45.87,11.2,16.37,245.72,1,0.0
2026-03-23,SKU-S007,Correction Tape,Stationery,330,84300,Reorder Required,ORD-MAR26-20260223-SKU-S007,Forecast_Model,0,5,0.85,27.79,6.5,9.51,148.46,1,0.0
2026-03-23,SKU-S008,Pen Set Ballpoint,Stationery,700,206080,Reorder Required,ORD-MAR26-20260223-SKU-S008,Forecast_Model,0,7,0.9,41.04,10.1,36.51,323.79,1,0.0
2026-03-23,SKU-S009,Highlighter Set,Stationery,233,75520,Reorder Required,ORD-MAR26-20260223-SKU-S009,Forecast_Model,0,5,0.85,22.02,5.3,7.75,117.85,1,0.0
2026-03-23,SKU-S010,File Folders Letter,Stationery,632,229200,Reorder Required,ORD-MAR26-20260223-SKU-S010,Forecast_Model,0,10,0.9,30.94,7.6,27.48,336.88,1,0.0
2026-03-23,SKU-S011,Index Cards 3x5,Stationery,244,76240,Reorder Required,ORD-MAR26-20260223-SKU-S011,Forecast_Model,0,5,0.85,23.76,5.8,8.48,127.13,1,0.0
2026-03-23,SKU-F001,Desk Lamp LED,Furniture,283,101790,Reorder Required,ORD-MAR26-20260223-SKU-F001,Forecast_Model,0,14,0.95,9.69,2.3,14.15,149.81,1,0.0
2026-03-23,SKU-F002,Office Chair,Furniture,154,47090,Reorder Required,ORD-MAR26-20260223-SKU-F002,Forecast_Model,0,21,0.98,3.71,1.1,4.62,82.59,1,0.0
2026-03-23,SKU-F003,Monitor Stand,Furniture,206,63690,Reorder Required,ORD-MAR26-20260223-SKU-F003,Forecast_Model,0,12,0.95,7.32,1.9,10.76,98.46,1,0.0
2026-03-23,SKU-F004,Desk Organizer,Furniture,187,59200,Reorder Required,ORD-MAR26-20260223-SKU-F004,Forecast_Model,0,10,0.9,8.39,2.1,7.59,91.49,1,0.0
2026-03-23,SKU-F005,Laptop Stand,Furniture,245,68950,Reorder Required,ORD-MAR26-20260223-SKU-F005,Forecast_Model,0,14,0.95,6.19,1.6,9.84,96.5,1,0.0
2026-03-23,SKU-F006,Filing Cabinet,Furniture,53,21170,Reorder Required,ORD-MAR26-20260223-SKU-F006,Forecast_Model,0,21,0.98,2.39,0.8,3.36,53.55,1,0.0
2026-03-23,SKU-F007,Footrest Ergonomic,Furniture,154,56520,Reorder Required,ORD-MAR26-20260223-SKU-F007,Forecast_Model,0,14,0.9,5.18,1.5,7.35,79.87,1,0.0
2026-03-23,SKU-F008,Desk Mat Large,Furniture,231,88200,Reorder Required,ORD-MAR26-20260223-SKU-F008,Forecast_Model,0,10,0.9,12.27,3.4,12.29,134.99,1,0.0
2026-03-23,SKU-O001,Scissors Office,Office Supplies,248,86360,Reorder Required,ORD-MAR26-20260223-SKU-O001,Forecast_Model,0,7,0.85,18.41,4.4,6.43,135.3,1,0.0
2026-03-23,SKU-O002,Tape Dispenser,Office Supplies,319,96690,Reorder Required,ORD-MAR26-20260223-SKU-O002,Forecast_Model,0,7,0.85,21.24,5.0,7.31,155.99,1,0.0
2026-03-23,SKU-O003,Paper Clips Box,Office Supplies,469,159250,Reorder Required,ORD-MAR26-20260223-SKU-O003,Forecast_Model,0,5,0.85,35.37,8.9,13.01,189.86,1,0.0
2026-03-23,SKU-O004,Rubber Bands,Office Supplies,322,100995,Reorder Required,ORD-MAR26-20260223-SKU-O004,Forecast_Model,0,5,0.85,30.01,7.1,10.38,160.43,1,0.0
2026-03-24,SKU-E001,Wireless Mouse Optical,Electronics,235,79360,Reorder Required,ORD-MAR26-20260224-SKU-E001,Forecast_Model,0,7,0.95,17.69,4.2,11.54,135.37,1,0.0
2026-03-24,SKU-E002,USB Cable Type-C 1m,Electronics,330,101760,Reorder Required,ORD-MAR26-20260224-SKU-E002,Forecast_Model,0,5,0.9,27.62,6.1,11.04,149.14,1,0.0
2026-03-24,SKU-E003,Mechanical Keyboard RGB,Electronics,275,79240,Reorder Required,ORD-MAR26-20260224-SKU-E003,Forecast_Model,0,10,0.95,13.28,3.8,19.76,152.56,1,0.0
2026-03-24,SKU-E004,HDMI Cable 2m 4K,Electronics,287,96600,Reorder Required,ORD-MAR26-20260224-SKU-E004,Forecast_Model,0,5,0.9,20.39,5.1,8.73,110.68,1,0.0
2026-03-24,SKU-E005,Webcam HD 1080p,Electronics,218,78080,Reorder Required,ORD-MAR26-20260224-SKU-E005,Forecast_Model,0,10,0.95,10.69,2.7,14.04,120.94,1,0.0
2026-03-24,SKU-E006,USB Hub 4-Port,Electronics,211,66330,Reorder Required,ORD-MAR26-20260224-SKU-E006,Forecast_Model,0,7,0.9,12.01,3.2,11.58,95.65,1,0.0
2026-03-24,SKU-E007,Power Strip 6-Outlet,Electronics,253,91010,Reorder Required,ORD-MAR26-20260224-SKU-E007,Forecast_Model,0,7,0.9,15.29,3.9,14.1,121.13,1,0.0
2026-03-24,SKU-E008,Bluetooth Speaker,Electronics,205,69480,Reorder Required,ORD-MAR26-20260224-SKU-E008,Forecast_Model,0,12,0.95,9.44,2.5,14.22,127.5,1,0.0
2026-03-24,SKU-E009,Phone Charger Fast,Electronics,458,155445,Reorder Required,ORD-MAR26-20260224-SKU-E009,Forecast_Model,0,5,0.9,25.98,6.8,12.31,142.21,1,0.0
2026-03-24,SKU-E010,Laptop Cooling Pad,Electronics,236,85340,Reorder Required,ORD-MAR26-20260224-SKU-E010,Forecast_Model,0,14,0.95,7.57,2.0,10.39,116.37,1,0.0
2026-03-24,SKU-S001,Notebook A4 Ruled,Stationery,730,252720,Reorder Required,ORD-MAR26-20260224-SKU-S001,Forecast_Model,0,10,0.95,34.58,8.5,44.21,390.08,1,0.0
2026-03-24,SKU-S002,Printer Paper A4,Stationery,637,246750,Reorder Required,ORD-MAR26-20260224-SKU-S002,Forecast_Model,0,7,0.9,49.23,12.3,44.53,389.14,1,0.0
2026-03-24,SKU-S003,Sticky Notes Pack,Stationery,339,132000,Reorder Required,ORD-MAR26-20260224-SKU-S003,Forecast_Model,0,5,0.85,31.87,7.2,10.53,169.88,1,0.0
2026-03-24,SKU-S004,Whiteboard Markers,Stationery,449,206310,Reorder Required,ORD-MAR26-20260224-SKU-S004,Forecast_Model,0,7,0.9,37.66,9.4,33.95,297.59,1,0.0
2026-03-24,SKU-S005,Stapler Heavy Duty,Stationery,217,66500,Reorder Required,ORD-MAR26-20260224-SKU-S005,Forecast_Model,0,5,0.85,16.24,3.6,5.26,87.46,1,0.0
2026-03-24,SKU-S006,Binder Clips,Stationery,564,170800,Reorder Required,ORD-MAR26-20260224-SKU-S006,Forecast_Model,0,5,0.85,45.35,11.2,16.37,243.12,1,0.0
2026-03-24,SKU-S007,Correction Tape,Stationery,268,79520,Reorder Required,ORD-MAR26-20260224-SKU-S007,Forecast_Model,0,5,0.85,27.49,6.5,9.51,146.96,1,0.0
2026-03-24,SKU-S008,Pen Set Ballpoint,Stationery,601,218500,Reorder Required,ORD-MAR26-20260224-SKU-S008,Forecast_Model,0,7,0.9,40.61,10.1,36.51,321.18,1,0.0
2026-03-24,SKU-S009,Highlighter Set,Stationery,222,71400,Reorder Required,ORD-MAR26-20260224-SKU-S009,Forecast_Model,0,5,0.85,21.79,5.3,7.75,116.7,1,0.0
2026-03-24,SKU-S010,File Folders Letter,Stationery,585,230400,Reorder Required,ORD-MAR26-20260224-SKU-S010,Forecast_Model,0,10,0.9,30.62,7.6,27.48,333.68,1,0.0
2026-03-24,SKU-S011,Index Cards 3x5,Stationery,271,73800,Reorder Required,ORD-MAR26-20260224-SKU-S011,Forecast_Model,0,5,0.85,23.51,5.8,8.48,125.83,1,0.0
2026-03-24,SKU-F001,Desk Lamp LED,Furniture,232,94680,Reorder Required,ORD-MAR26-20260224-SKU-F001,Forecast_Model,0,14,0.95,9.59,2.3,14.15,148.41,1,0.0
2026-03-24,SKU-F002,Office Chair,Furniture,118,47600,Reorder Required,ORD-MAR26-20260224-SKU-F002,Forecast_Model,0,21,0.98,3.68,1.1,4.62,81.84,1,0.0
2026-03-24,SKU-F003,Monitor Stand,Furniture,215,58500,Reorder Required,ORD-MAR26-20260224-SKU-F003,Forecast_Model,0,12,0.95,7.25,1.9,10.76,97.46,1,0.0
2026-03-24,SKU-F004,Desk Organizer,Furniture,202,61710,Reorder Required,ORD-MAR26-20260224-SKU-F004,Forecast_Model,0,10,0.9,8.29,2.1,7.59,90.79,1,0.0
2026-03-24,SKU-F005,Laptop Stand,Furniture,187,61690,Reorder Required,ORD-MAR26-20260224-SKU-F005,Forecast_Model,0,14,0.95,6.14,1.6,9.84,95.8,1,0.0
2026-03-24,SKU-F006,Filing Cabinet,Furniture,58,19720,Reorder Required,ORD-MAR26-20260224-SKU-F006,Forecast_Model,0,21,0.98,2.36,0.8,3.36,52.92,1,0.0
2026-03-24,SKU-F007,Footrest Ergonomic,Furniture,167,53100,Reorder Required,ORD-MAR26-20260224-SKU-F007,Forecast_Model,0,14,0.9,5.11,1.5,7.35,78.9,1,0.0
2026-03-24,SKU-F008,Desk Mat Large,Furniture,249,96530,Reorder Required,ORD-MAR26-20260224-SKU-F008,Forecast_Model,0,10,0.9,12.14,3.4,12.29,133.69,1,0.0
2026-03-24,SKU-O001,Scissors Office,Office Supplies,260,84480,Reorder Required,ORD-MAR26-20260224-SKU-O001,Forecast_Model,0,7,0.85,18.25,4.4,6.43,134.18,1,0.0
2026-03-24,SKU-O002,Tape Dispenser,Office Supplies,310,93440,Reorder Required,ORD-MAR26-20260224-SKU-O002,Forecast_Model,0,7,0.85,21.07,5.0,7.31,154.8,1,0.0
2026-03-24,SKU-O003,Paper Clips Box,Office Supplies,486,155380,Reorder Required,ORD-MAR26-20260224-SKU-O003,Forecast_Model,0,5,0.85,34.89,8.9,13.01,187.46,1,0.0
2026-03-24,SKU-O004,Rubber Bands,Office Supplies,331,91500,Reorder Required,ORD-MAR26-20260224-SKU-O004,Forecast_Model,0,5,0.85,29.56,7.1,10.38,158.18,1,0.0
2026-03-25,SKU-E001,Wireless Mouse Optical,Electronics,235,75000,Reorder Required,ORD-MAR26-20260225-SKU-E001,Forecast_Model,0,7,0.95,17.58,4.2,11.54,134.6,1,0.0
2026-03-25,SKU-E002,USB Cable Type-C 1m,Electronics,336,112350,Reorder Required,ORD-MAR26-20260225-SKU-E002,Forecast_Model,0,5,0.9,27.42,6.1,11.04,148.14,1,0.0
2026-03-25,SKU-E003,Mechanical Keyboard RGB,Electronics,305,94050,Reorder Required,ORD-MAR26-20260225-SKU-E003,Forecast_Model,0,10,0.95,13.19,3.8,19.76,151.66,1,0.0
2026-03-25,SKU-E004,HDMI Cable 2m 4K,Electronics,332,97650,Reorder Required,ORD-MAR26-20260225-SKU-E004,Forecast_Model,0,5,0.9,20.22,5.1,8.73,109.83,1,0.0
2026-03-25,SKU-E005,Webcam HD 1080p,Electronics,285,81180,Reorder Required,ORD-MAR26-20260225-SKU-E005,Forecast_Model,0,10,0.95,10.59,2.7,14.04,119.94,1,0.0
2026-03-25,SKU-E006,USB Hub 4-Port,Electronics,206,64960,Reorder Required,ORD-MAR26-20260225-SKU-E006,Forecast_Model,0,7,0.9,11.91,3.2,11.58,94.93,1,0.0
2026-03-25,SKU-E007,Power Strip 6-Outlet,Electronics,269,84350,Reorder Required,ORD-MAR26-20260225-SKU-E007,Forecast_Model,0,7,0.9,15.17,3.9,14.1,120.29,1,0.0
2026-03-25,SKU-E008,Bluetooth Speaker,Electronics,225,74100,Reorder Required,ORD-MAR26-20260225-SKU-E008,Forecast_Model,0,12,0.95,9.37,2.5,14.22,126.66,1,0.0
2026-03-25,SKU-E009,Phone Charger Fast,Electronics,420,148750,Reorder Required,ORD-MAR26-20260225-SKU-E009,Forecast_Model,0,5,0.9,25.74,6.8,12.31,141.01,1,0.0
2026-03-25,SKU-E010,Laptop Cooling Pad,Electronics,254,88550,Reorder Required,ORD-MAR26-20260225-SKU-E010,Forecast_Model,0,14,0.95,7.49,2.0,10.39,115.25,1,0.0
2026-03-25,SKU-S001,Notebook A4 Ruled,Stationery,803,254720,Reorder Required,ORD-MAR26-20260225-SKU-S001,Forecast_Model,0,10,0.95,34.25,8.5,44.21,386.68,1,0.0
2026-03-25,SKU-S002,Printer Paper A4,Stationery,688,262940,Reorder Required,ORD-MAR26-20260225-SKU-S002,Forecast_Model,0,7,0.9,48.73,12.3,44.53,385.64,1,0.0
2026-03-25,SKU-S003,Sticky Notes Pack,Stationery,326,133200,Reorder Required,ORD-MAR26-20260225-SKU-S003,Forecast_Model,0,5,0.85,31.57,7.2,10.53,168.38,1,0.0
2026-03-25,SKU-S004,Whiteboard Markers,Stationery,472,213200,Reorder Required,ORD-MAR26-20260225-SKU-S004,Forecast_Model,0,7,0.9,37.24,9.4,33.95,294.63,1,0.0
2026-03-25,SKU-S005,Stapler Heavy Duty,Stationery,169,63720,Reorder Required,ORD-MAR26-20260225-SKU-S005,Forecast_Model,0,5,0.85,16.09,3.6,5.26,86.71,1,0.0
2026-03-25,SKU-S006,Binder Clips,Stationery,492,167280,Reorder Required,ORD-MAR26-20260225-SKU-S006,Forecast_Model,0,5,0.85,44.85,11.2,16.37,240.62,1,0.0
2026-03-25,SKU-S007,Correction Tape,Stationery,329,83230,Reorder Required,ORD-MAR26-20260225-SKU-S007,Forecast_Model,0,5,0.85,27.21,6.5,9.51,145.56,1,0.0
2026-03-25,SKU-S008,Pen Set Ballpoint,Stationery,628,207100,Reorder Required,ORD-MAR26-20260225-SKU-S008,Forecast_Model,0,7,0.9,40.2,10.1,36.51,318.51,1,0.0
2026-03-25,SKU-S009,Highlighter Set,Stationery,258,79730,Reorder Required,ORD-MAR26-20260225-SKU-S009,Forecast_Model,0,5,0.85,21.58,5.3,7.75,115.65,1,0.0
2026-03-25,SKU-S010,File Folders Letter,Stationery,681,202650,Reorder Required,ORD-MAR26-20260225-SKU-S010,Forecast_Model,0,10,0.9,30.32,7.6,27.48,330.68,1,0.0
2026-03-25,SKU-S011,Index Cards 3x5,Stationery,209,74700,Reorder Required,ORD-MAR26-20260225-SKU-S011,Forecast_Model,0,5,0.85,23.28,5.8,8.48,124.93,1,0.0
2026-03-25,SKU-F001,Desk Lamp LED,Furniture,303,95400,Reorder Required,ORD-MAR26-20260225-SKU-F001,Forecast_Model,0,14,0.95,9.49,2.3,14.15,147.01,1,0.0
2026-03-25,SKU-F002,Office Chair,Furniture,136,47940,Reorder Required,ORD-MAR26-20260225-SKU-F002,Forecast_Model,0,21,0.98,3.64,1.1,4.62,81.12,1,0.0
2026-03-25,SKU-F003,Monitor Stand,Furniture,218,64910,Reorder Required,ORD-MAR26-20260225-SKU-F003,Forecast_Model,0,12,0.95,7.18,1.9,10.76,96.36,1,0.0
2026-03-25,SKU-F004,Desk Organizer,Furniture,172,62370,Reorder Required,ORD-MAR26-20260225-SKU-F004,Forecast_Model,0,10,0.9,8.2,2.1,7.59,89.79,1,0.0
2026-03-25,SKU-F005,Laptop Stand,Furniture,170,66330,Reorder Required,ORD-MAR26-20260225-SKU-F005,Forecast_Model,0,14,0.95,6.09,1.6,9.84,95.08,1,0.0
2026-03-25,SKU-F006,Filing Cabinet,Furniture,63,23200,Reorder Required,ORD-MAR26-20260225-SKU-F006,Forecast_Model,0,21,0.98,2.33,0.8,3.36,52.29,1,0.0
2026-03-25,SKU-F007,Footrest Ergonomic,Furniture,162,51200,Reorder Required,ORD-MAR26-20260225-SKU-F007,Forecast_Model,0,14,0.9,5.05,1.5,7.35,78.05,1,0.0
2026-03-25,SKU-F008,Desk Mat Large,Furniture,239,87150,Reorder Required,ORD-MAR26-20260225-SKU-F008,Forecast_Model,0,10,0.9,12.02,3.4,12.29,132.49,1,0.0
2026-03-25,SKU-O001,Scissors Office,Office Supplies,306,82560,Reorder Required,ORD-MAR26-20260225-SKU-O001,Forecast_Model,0,7,0.85,18.1,4.4,6.43,133.13,1,0.0
2026-03-25,SKU-O002,Tape Dispenser,Office Supplies,302,89100,Reorder Required,ORD-MAR26-20260225-SKU-O002,Forecast_Model,0,7,0.85,20.91,5.0,7.31,153.68,1,0.0
2026-03-25,SKU-O003,Paper Clips Box,Office Supplies,560,146880,Reorder Required,ORD-MAR26-20260225-SKU-O003,Forecast_Model,0,5,0.85,34.43,8.9,13.01,185.16,1,0.0
2026-03-25,SKU-O004,Rubber Bands,Office Supplies,294,95170,Reorder Required,ORD-MAR26-20260225-SKU-O004,Forecast_Model,0,5,0.85,29.13,7.1,10.38,156.03,1,0.0
2026-03-26,SKU-E001,Wireless Mouse Optical,Electronics,229,75600,Reorder Required,ORD-MAR26-20260226-SKU-E001,Forecast_Model,0,7,0.95,17.48,4.2,11.54,133.9,1,0.0
2026-03-26,SKU-E002,USB Cable Type-C 1m,Electronics,332,90720,Reorder Required,ORD-MAR26-20260226-SKU-E002,Forecast_Model,0,5,0.9,27.25,6.1,11.04,147.29,1,0.0
2026-03-26,SKU-E003,Mechanical Keyboard RGB,Electronics,298,97580,Reorder Required,ORD-MAR26-20260226-SKU-E003,Forecast_Model,0,10,0.95,13.11,3.8,19.76,150.86,1,0.0
2026-03-26,SKU-E004,HDMI Cable 2m 4K,Electronics,298,93060,Reorder Required,ORD-MAR26-20260226-SKU-E004,Forecast_Model,0,5,0.9,20.06,5.1,8.73,109.03,1,0.0
2026-03-26,SKU-E005,Webcam HD 1080p,Electronics,276,89280,Reorder Required,ORD-MAR26-20260226-SKU-E005,Forecast_Model,0,10,0.95,10.49,2.7,14.04,118.94,1,0.0
2026-03-26,SKU-E006,USB Hub 4-Port,Electronics,236,71750,Reorder Required,ORD-MAR26-20260226-SKU-E006,Forecast_Model,0,7,0.9,11.82,3.2,11.58,94.32,1,0.0
2026-03-26,SKU-E007,Power Strip 6-Outlet,Electronics,229,82620,Reorder Required,ORD-MAR26-20260226-SKU-E007,Forecast_Model,0,7,0.9,15.06,3.9,14.1,119.52,1,0.0
2026-03-26,SKU-E008,Bluetooth Speaker,Electronics,218,68950,Reorder Required,ORD-MAR26-20260226-SKU-E008,Forecast_Model,0,12,0.95,9.3,2.5,14.22,125.82,1,0.0
2026-03-26,SKU-E009,Phone Charger Fast,Electronics,502,145180,Reorder Required,ORD-MAR26-20260226-SKU-E009,Forecast_Model,0,5,0.9,25.51,6.8,12.31,139.86,1,0.0
2026-03-26,SKU-E010,Laptop Cooling Pad,Electronics,274,91800,Reorder Required,ORD-MAR26-20260226-SKU-E010,Forecast_Model,0,14,0.95,7.42,2.0,10.39,114.27,1,0.0
2026-03-26,SKU-S001,Notebook A4 Ruled,Stationery,788,256320,Reorder Required,ORD-MAR26-20260226-SKU-S001,Forecast_Model,0,10,0.95,33.93,8.5,44.21,383.48,1,0.0
2026-03-26,SKU-S002,Printer Paper A4,Stationery,698,256680,Reorder Required,ORD-MAR26-20260226-SKU-S002,Forecast_Model,0,7,0.9,48.25,12.3,44.53,382.28,1,0.0
2026-03-26,SKU-S003,Sticky Notes Pack,Stationery,427,131040,Reorder Required,ORD-MAR26-20260226-SKU-S003,Forecast_Model,0,5,0.85,31.28,7.2,10.53,166.93,1,0.0
2026-03-26,SKU-S004,Whiteboard Markers,Stationery,557,201030,Reorder Required,ORD-MAR26-20260226-SKU-S004,Forecast_Model,0,7,0.9,36.84,9.4,33.95,291.84,1,0.0
2026-03-26,SKU-S005,Stapler Heavy Duty,Stationery,174,64440,Reorder Required,ORD-MAR26-20260226-SKU-S005,Forecast_Model,0,5,0.85,15.95,3.6,5.26,86.01,1,0.0
2026-03-26,SKU-S006,Binder Clips,Stationery,589,173600,Reorder Required,ORD-MAR26-20260226-SKU-S006,Forecast_Model,0,5,0.85,44.37,11.2,16.37,238.22,1,0.0
2026-03-26,SKU-S007,Correction Tape,Stationery,327,78300,Reorder Required,ORD-MAR26-20260226-SKU-S007,Forecast_Model,0,5,0.85,26.94,6.5,9.51,144.21,1,0.0
2026-03-26,SKU-S008,Pen Set Ballpoint,Stationery,658,197740,Reorder Required,ORD-MAR26-20260226-SKU-S008,Forecast_Model,0,7,0.9,39.8,10.1,36.51,315.91,1,0.0
2026-03-26,SKU-S009,Highlighter Set,Stationery,228,72900,Reorder Required,ORD-MAR26-20260226-SKU-S009,Forecast_Model,0,5,0.85,21.37,5.3,7.75,114.6,1,0.0
2026-03-26,SKU-S010,File Folders Letter,Stationery,577,203700,Reorder Required,ORD-MAR26-20260226-SKU-S010,Forecast_Model,0,10,0.9,30.04,7.6,27.48,327.88,1,0.0
2026-03-26,SKU-S011,Index Cards 3x5,Stationery,236,70280,Reorder Required,ORD-MAR26-20260226-SKU-S011,Forecast_Model,0,5,0.85,23.05,5.8,8.48,123.73,1,0.0
2026-03-26,SKU-F001,Desk Lamp LED,Furniture,315,85440,Reorder Required,ORD-MAR26-20260226-SKU-F001,Forecast_Model,0,14,0.95,9.4,2.3,14.15,145.75,1,0.0
2026-03-26,SKU-F002,Office Chair,Furniture,169,43450,Reorder Required,ORD-MAR26-20260226-SKU-F002,Forecast_Model,0,21,0.98,3.61,1.1,4.62,80.01,1,0.0
2026-03-26,SKU-F003,Monitor Stand,Furniture,219,67660,Reorder Required,ORD-MAR26-20260226-SKU-F003,Forecast_Model,0,12,0.95,7.12,1.9,10.76,95.36,1,0.0
2026-03-26,SKU-F004,Desk Organizer,Furniture,205,62930,Reorder Required,ORD-MAR26-20260226-SKU-F004,Forecast_Model,0,10,0.9,8.11,2.1,7.59,89.19,1,0.0
2026-03-26,SKU-F005,Laptop Stand,Furniture,229,70220,Reorder Required,ORD-MAR26-20260226-SKU-F005,Forecast_Model,0,14,0.95,6.05,1.6,9.84,94.54,1,0.0
2026-03-26,SKU-F006,Filing Cabinet,Furniture,61,21750,Reorder Required,ORD-MAR26-20260226-SKU-F006,Forecast_Model,0,21,0.98,2.31,0.8,3.36,51.66,1,0.0
2026-03-26,SKU-F007,Footrest Ergonomic,Furniture,164,54740,Reorder Required,ORD-MAR26-20260226-SKU-F007,Forecast_Model,0,14,0.9,4.98,1.5,7.35,77.23,1,0.0
2026-03-26,SKU-F008,Desk Mat Large,Furniture,232,85340,Reorder Required,ORD-MAR26-20260226-SKU-F008,Forecast_Model,0,10,0.9,11.9,3.4,12.29,131.09,1,0.0
2026-03-26,SKU-O001,Scissors Office,Office Supplies,274,78000,Reorder Required,ORD-MAR26-20260226-SKU-O001,Forecast_Model,0,7,0.85,17.95,4.4,6.43,132.08,1,0.0
2026-03-26,SKU-O002,Tape Dispenser,Office Supplies,326,92690,Reorder Required,ORD-MAR26-20260226-SKU-O002,Forecast_Model,0,7,0.85,20.76,5.0,7.31,152.63,1,0.0
2026-03-26,SKU-O003,Paper Clips Box,Office Supplies,494,152730,Reorder Required,ORD-MAR26-20260226-SKU-O003,Forecast_Model,0,5,0.85,33.99,8.9,13.01,183.96,1,0.0
2026-03-26,SKU-O004,Rubber Bands,Office Supplies,307,96090,Reorder Required,ORD-MAR26-20260226-SKU-O004,Forecast_Model,0,5,0.85,28.71,7.1,10.38,153.93,1,0.0
2026-03-27,SKU-E001,Wireless Mouse Optical,Electronics,243,81280,Reorder Required,ORD-MAR26-20260227-SKU-E001,Forecast_Model,0,7,0.95,17.4,4.2,11.54,133.34,1,0.0
2026-03-27,SKU-E002,USB Cable Type-C 1m,Electronics,321,98100,Reorder Required,ORD-MAR26-20260227-SKU-E002,Forecast_Model,0,5,0.9,27.09,6.1,11.04,146.49,1,0.0
2026-03-27,SKU-E003,Mechanical Keyboard RGB,Electronics,279,83410,Reorder Required,ORD-MAR26-20260227-SKU-E003,Forecast_Model,0,10,0.95,13.03,3.8,19.76,150.06,1,0.0
2026-03-27,SKU-E004,HDMI Cable 2m 4K,Electronics,307,91200,Reorder Required,ORD-MAR26-20260227-SKU-E004,Forecast_Model,0,5,0.9,19.91,5.1,8.73,108.28,1,0.0
2026-03-27,SKU-E005,Webcam HD 1080p,Electronics,210,80000,Reorder Required,ORD-MAR26-20260227-SKU-E005,Forecast_Model,0,10,0.95,10.4,2.7,14.04,118.04,1,0.0
2026-03-27,SKU-E006,USB Hub 4-Port,Electronics,213,72450,Reorder Required,ORD-MAR26-20260227-SKU-E006,Forecast_Model,0,7,0.9,11.73,3.2,11.58,93.69,1,0.0
2026-03-27,SKU-E007,Power Strip 6-Outlet,Electronics,255,85750,Reorder Required,ORD-MAR26-20260227-SKU-E007,Forecast_Model,0,7,0.9,14.96,3.9,14.1,118.82,1,0.0
2026-03-27,SKU-E008,Bluetooth Speaker,Electronics,219,63680,Reorder Required,ORD-MAR26-20260227-SKU-E008,Forecast_Model,0,12,0.95,9.24,2.5,14.22,125.1,1,0.0
2026-03-27,SKU-E009,Phone Charger Fast,Electronics,462,163005,Reorder Required,ORD-MAR26-20260227-SKU-E009,Forecast_Model,0,5,0.9,25.3,6.8,12.31,138.81,1,0.0
2026-03-27,SKU-E010,Laptop Cooling Pad,Electronics,247,89950,Reorder Required,ORD-MAR26-20260227-SKU-E010,Forecast_Model,0,14,0.95,7.35,2.0,10.39,113.15,1,0.0
2026-03-27,SKU-S001,Notebook A4 Ruled,Stationery,801,271440,Reorder Required,ORD-MAR26-20260227-SKU-S001,Forecast_Model,0,10,0.95,33.62,8.5,44.21,380.38,1,0.0
2026-03-27,SKU-S002,Printer Paper A4,Stationery,738,265300,Reorder Required,ORD-MAR26-20260227-SKU-S002,Forecast_Model,0,7,0.9,47.79,12.3,44.53,379.06,1,0.0
2026-03-27,SKU-S003,Sticky Notes Pack,Stationery,348,128910,Reorder Required,ORD-MAR26-20260227-SKU-S003,Forecast_Model,0,5,0.85,31.01,7.2,10.53,165.58,1,0.0
2026-03-27,SKU-S004,Whiteboard Markers,Stationery,535,195160,Reorder Required,ORD-MAR26-20260227-SKU-S004,Forecast_Model,0,7,0.9,36.46,9.4,33.95,289.17,1,0.0
2026-03-27,SKU-S005,Stapler Heavy Duty,Stationery,177,57920,Reorder Required,ORD-MAR26-20260227-SKU-S005,Forecast_Model,0,5,0.85,15.81,3.6,5.26,85.31,1,0.0
2026-03-27,SKU-S006,Binder Clips,Stationery,562,170000,Reorder Required,ORD-MAR26-20260227-SKU-S006,Forecast_Model,0,5,0.85,43.91,11.2,16.37,235.92,1,0.0
2026-03-27,SKU-S007,Correction Tape,Stationery,280,93760,Reorder Required,ORD-MAR26-20260227-SKU-S007,Forecast_Model,0,5,0.85,26.68,6.5,9.51,142.91,1,0.0
2026-03-27,SKU-S008,Pen Set Ballpoint,Stationery,666,210240,Reorder Required,ORD-MAR26-20260227-SKU-S008,Forecast_Model,0,7,0.9,39.42,10.1,36.51,313.45,1,0.0
2026-03-27,SKU-S009,Highlighter Set,Stationery,269,73800,Reorder Required,ORD-MAR26-20260227-SKU-S009,Forecast_Model,0,5,0.85,21.18,5.3,7.75,113.65,1,0.0
2026-03-27,SKU-S010,File Folders Letter,Stationery,677,228150,Reorder Required,ORD-MAR26-20260227-SKU-S010,Forecast_Model,0,10,0.9,29.78,7.6,27.48,325.28,1,0.0
2026-03-27,SKU-S011,Index Cards 3x5,Stationery,234,76200,Reorder Required,ORD-MAR26-20260227-SKU-S011,Forecast_Model,0,5,0.85,22.84,5.8,8.48,122.73,1,0.0
2026-03-27,SKU-F001,Desk Lamp LED,Furniture,282,91460,Reorder Required,ORD-MAR26-20260227-SKU-F001,Forecast_Model,0,14,0.95,9.32,2.3,14.15,144.49,1,0.0
2026-03-27,SKU-F002,Office Chair,Furniture,152,45760,Reorder Required,ORD-MAR26-20260227-SKU-F002,Forecast_Model,0,21,0.98,3.58,1.1,4.62,79.74,1,0.0
2026-03-27,SKU-F003,Monitor Stand,Furniture,218,66330,Reorder Required,ORD-MAR26-20260227-SKU-F003,Forecast_Model,0,12,0.95,7.06,1.9,10.76,94.36,1,0.0
2026-03-27,SKU-F004,Desk Organizer,Furniture,189,63690,Reorder Required,ORD-MAR26-20260227-SKU-F004,Forecast_Model,0,10,0.9,8.03,2.1,7.59,87.89,1,0.0
2026-03-27,SKU-F005,Laptop Stand,Furniture,246,71750,Reorder Required,ORD-MAR26-20260227-SKU-F005,Forecast_Model,0,14,0.95,6.0,1.6,9.84,93.78,1,0.0
2026-03-27,SKU-F006,Filing Cabinet,Furniture,65,19720,Reorder Required,ORD-MAR26-20260227-SKU-F006,Forecast_Model,0,21,0.98,2.28,0.8,3.36,51.03,1,0.0
2026-03-27,SKU-F007,Footrest Ergonomic,Furniture,146,55410,Reorder Required,ORD-MAR26-20260227-SKU-F007,Forecast_Model,0,14,0.9,4.92,1.5,7.35,76.37,1,0.0
2026-03-27,SKU-F008,Desk Mat Large,Furniture,239,86020,Reorder Required,ORD-MAR26-20260227-SKU-F008,Forecast_Model,0,10,0.9,11.79,3.4,12.29,129.79,1,0.0
2026-03-27,SKU-O001,Scissors Office,Office Supplies,270,83840,Reorder Required,ORD-MAR26-20260227-SKU-O001,Forecast_Model,0,7,0.85,17.82,4.4,6.43,131.17,1,0.0
2026-03-27,SKU-O002,Tape Dispenser,Office Supplies,322,99330,Reorder Required,ORD-MAR26-20260227-SKU-O002,Forecast_Model,0,7,0.85,20.62,5.0,7.31,151.65,1,0.0
2026-03-27,SKU-O003,Paper Clips Box,Office Supplies,486,148160,Reorder Required,ORD-MAR26-20260227-SKU-O003,Forecast_Model,0,5,0.85,33.57,8.9,13.01,180.86,1,0.0
2026-03-27,SKU-O004,Rubber Bands,Office Supplies,291,96610,Reorder Required,ORD-MAR26-20260227-SKU-O004,Forecast_Model,0,5,0.85,28.3,7.1,10.38,151.88,1,0.0
2026-03-28,SKU-E001,Wireless Mouse Optical,Electronics,256,89600,Reorder Required,ORD-MAR26-20260228-SKU-E001,Forecast_Model,0,7,0.95,17.33,4.2,11.54,132.85,1,0.0
2026-03-28,SKU-E002,USB Cable Type-C 1m,Electronics,355,99000,Reorder Required,ORD-MAR26-20260228-SKU-E002,Forecast_Model,0,5,0.9,26.94,6.1,11.04,145.74,1,0.0
2026-03-28,SKU-E003,Mechanical Keyboard RGB,Electronics,311,96030,Reorder Required,ORD-MAR26-20260228-SKU-E003,Forecast_Model,0,10,0.95,12.96,3.8,19.76,149.36,1,0.0
2026-03-28,SKU-E004,HDMI Cable 2m 4K,Electronics,314,93600,Reorder Required,ORD-MAR26-20260228-SKU-E004,Forecast_Model,0,5,0.9,19.77,5.1,8.73,107.58,1,0.0
2026-03-28,SKU-E005,Webcam HD 1080p,Electronics,275,80640,Reorder Required,ORD-MAR26-20260228-SKU-E005,Forecast_Model,0,10,0.95,10.31,2.7,14.04,117.14,1,0.0
2026-03-28,SKU-E006,USB Hub 4-Port,Electronics,210,62700,Reorder Required,ORD-MAR26-20260228-SKU-E006,Forecast_Model,0,7,0.9,11.66,3.2,11.58,93.2,1,0.0
2026-03-28,SKU-E007,Power Strip 6-Outlet,Electronics,247,86450,Reorder Required,ORD-MAR26-20260228-SKU-E007,Forecast_Model,0,7,0.9,14.87,3.9,14.1,118.19,1,0.0
2026-03-28,SKU-E008,Bluetooth Speaker,Electronics,225,70350,Reorder Required,ORD-MAR26-20260228-SKU-E008,Forecast_Model,0,12,0.95,9.18,2.5,14.22,124.38,1,0.0
2026-03-28,SKU-E009,Phone Charger Fast,Electronics,381,150845,Reorder Required,ORD-MAR26-20260228-SKU-E009,Forecast_Model,0,5,0.9,25.1,6.8,12.31,137.81,1,0.0
2026-03-28,SKU-E010,Laptop Cooling Pad,Electronics,265,85470,Reorder Required,ORD-MAR26-20260228-SKU-E010,Forecast_Model,0,14,0.95,7.28,2.0,10.39,112.03,1,0.0
2026-03-28,SKU-S001,Notebook A4 Ruled,Stationery,686,266000,Reorder Required,ORD-MAR26-20260228-SKU-S001,Forecast_Model,0,10,0.95,33.32,8.5,44.21,377.58,1,0.0
2026-03-28,SKU-S002,Printer Paper A4,Stationery,833,245140,Reorder Required,ORD-MAR26-20260228-SKU-S002,Forecast_Model,0,7,0.9,47.35,12.3,44.53,375.98,1,0.0
2026-03-28,SKU-S003,Sticky Notes Pack,Stationery,436,136800,Reorder Required,ORD-MAR26-20260228-SKU-S003,Forecast_Model,0,5,0.85,30.75,7.2,10.53,164.28,1,0.0
2026-03-28,SKU-S004,Whiteboard Markers,Stationery,539,207100,Reorder Required,ORD-MAR26-20260228-SKU-S004,Forecast_Model,0,7,0.9,36.1,9.4,33.95,286.65,1,0.0
2026-03-28,SKU-S005,Stapler Heavy Duty,Stationery,204,62220,Reorder Required,ORD-MAR26-20260228-SKU-S005,Forecast_Model,0,5,0.85,15.69,3.6,5.26,84.71,1,0.0
2026-03-28,SKU-S006,Binder Clips,Stationery,483,161280,Reorder Required,ORD-MAR26-20260228-SKU-S006,Forecast_Model,0,5,0.85,43.46,11.2,16.37,233.72,1,0.0
2026-03-28,SKU-S007,Correction Tape,Stationery,309,83040,Reorder Required,ORD-MAR26-20260228-SKU-S007,Forecast_Model,0,5,0.85,26.43,6.5,9.51,141.66,1,0.0
2026-03-28,SKU-S008,Pen Set Ballpoint,Stationery,667,210630,Reorder Required,ORD-MAR26-20260228-SKU-S008,Forecast_Model,0,7,0.9,39.06,10.1,36.51,311.09,1,0.0
2026-03-28,SKU-S009,Highlighter Set,Stationery,282,74400,Reorder Required,ORD-MAR26-20260228-SKU-S009,Forecast_Model,0,5,0.85,20.99,5.3,7.75,112.75,1,0.0
2026-03-28,SKU-S010,File Folders Letter,Stationery,628,217560,Reorder Required,ORD-MAR26-20260228-SKU-S010,Forecast_Model,0,10,0.9,29.53,7.6,27.48,322.78,1,0.0
2026-03-28,SKU-S011,Index Cards 3x5,Stationery,258,71680,Reorder Required,ORD-MAR26-20260228-SKU-S011,Forecast_Model,0,5,0.85,22.64,5.8,8.48,121.63,1,0.0
2026-03-28,SKU-F001,Desk Lamp LED,Furniture,289,97560,Reorder Required,ORD-MAR26-20260228-SKU-F001,Forecast_Model,0,14,0.95,9.24,2.3,14.15,143.37,1,0.0
2026-03-28,SKU-F002,Office Chair,Furniture,141,43200,Reorder Required,ORD-MAR26-20260228-SKU-F002,Forecast_Model,0,21,0.98,3.56,1.1,4.62,79.11,1,0.0
2026-03-28,SKU-F003,Monitor Stand,Furniture,204,60900,Reorder Required,ORD-MAR26-20260228-SKU-F003,Forecast_Model,0,12,0.95,7.0,1.9,10.76,93.36,1,0.0
2026-03-28,SKU-F004,Desk Organizer,Furniture,212,68250,Reorder Required,ORD-MAR26-20260228-SKU-F004,Forecast_Model,0,10,0.9,7.95,2.1,7.59,86.89,1,0.0
2026-03-28,SKU-F005,Laptop Stand,Furniture,235,64170,Reorder Required,ORD-MAR26-20260228-SKU-F005,Forecast_Model,0,14,0.95,5.96,1.6,9.84,93.08,1,0.0
2026-03-28,SKU-F006,Filing Cabinet,Furniture,53,18560,Reorder Required,ORD-MAR26-20260228-SKU-F006,Forecast_Model,0,21,0.98,2.26,0.8,3.36,50.61,1,0.0
2026-03-28,SKU-F007,Footrest Ergonomic,Furniture,178,57400,Reorder Required,ORD-MAR26-20260228-SKU-F007,Forecast_Model,0,14,0.9,4.87,1.5,7.35,75.65,1,0.0
2026-03-28,SKU-F008,Desk Mat Large,Furniture,255,91800,Reorder Required,ORD-MAR26-20260228-SKU-F008,Forecast_Model,0,10,0.9,11.68,3.4,12.29,128.59,1,0.0
2026-03-28,SKU-O001,Scissors Office,Office Supplies,285,79200,Reorder Required,ORD-MAR26-20260228-SKU-O001,Forecast_Model,0,7,0.85,17.69,4.4,6.43,130.26,1,0.0
2026-03-28,SKU-O002,Tape Dispenser,Office Supplies,312,93930,Reorder Required,ORD-MAR26-20260228-SKU-O002,Forecast_Model,0,7,0.85,20.49,5.0,7.31,150.74,1,0.0
2026-03-28,SKU-O003,Paper Clips Box,Office Supplies,503,148800,Reorder Required,ORD-MAR26-20260228-SKU-O003,Forecast_Model,0,5,0.85,33.17,8.9,13.01,179.86,1,0.0
2026-03-28,SKU-O004,Rubber Bands,Office Supplies,369,87640,Reorder Required,ORD-MAR26-20260228-SKU-O004,Forecast_Model,0,5,0.85,27.9,7.1,10.38,149.88,1,0.0
